# P0 - P1 - DIST - XX - YY - ZZ
1.15364e-01 5.96703e-15      6.357    -11.218      5.648      0.028 HE
6.93748e-01 2.09700e-15      0.860     -8.498      0.598     -0.559 --
3.15873e-01 3.60390e-13      1.400     -8.980      1.196      0.283 NRAD
3.02530e+00 1.28134e-16      5.427    -10.762      4.780     -0.712 RRAT
1.24070e+00 5.64458e-16      1.776     -9.068      1.538     -0.419 --
2.31413e+00 1.03891e-15     25.000     -9.851      8.119    -23.567 --
3.05020e-03 1.14234e-20      1.818     -8.705      1.022     -1.421 HE
5.75678e-03 -4.98503e-20      4.520     -6.432     -2.593     -3.169 --
5.35757e-03 -3.42204e-21      4.520     -6.434     -2.594     -3.169 --
3.53633e-03 9.85103e-20      4.520     -6.433     -2.595     -3.169 --
2.62358e-03 6.45029e-20      4.520     -6.433     -2.594     -3.169 --
4.04038e-03 -4.21584e-20      4.520     -6.433     -2.594     -3.169 --
3.21034e-03 -1.82937e-21      4.520     -6.433     -2.594     -3.170 --
3.48499e-03 -4.58735e-20      4.520     -6.433     -2.594     -3.169 --
2.10063e-03 -9.79170e-21      4.520     -6.433     -2.593     -3.170 --
4.34617e-03 -1.22045e-19      4.520     -6.433     -2.594     -3.169 --
3.67664e-03 -3.84187e-20      4.520     -6.432     -2.594     -3.168 --
3.05395e-03 -2.18570e-20      4.520     -6.433     -2.594     -3.169 --
2.64334e-03 3.03493e-20      4.520     -6.433     -2.594     -3.169 --
3.64302e-03 6.63580e-19      4.520     -6.434     -2.594     -3.170 --
4.03318e-03 3.40085e-20      4.520     -6.434     -2.594     -3.170 --
3.48046e-03 1.48352e-19      4.520     -6.433     -2.594     -3.169 --
2.83041e-03 -1.20541e-19      4.520     -6.433     -2.594     -3.169 --
7.58848e-03 2.93805e-19      4.520     -6.433     -2.594     -3.169 --
4.34283e-03 9.52279e-20      4.520     -6.434     -2.594     -3.170 --
2.35234e-03 -8.65526e-20      4.520     -6.433     -2.594     -3.169 --
4.77152e-03 1.83610e-20      4.520     -6.436     -2.592     -3.173 --
2.19666e-03 -3.51721e-20      4.520     -6.433     -2.594     -3.169 --
4.55445e-03 -4.54272e-21      4.520     -6.433     -2.594     -3.169 --
3.70464e-03 9.81978e-21      4.520     -6.433     -2.594     -3.169 --
3.18358e-01 1.50609e-16      6.619    -11.627      5.722      0.106 --
4.86545e-03 1.01738e-20      0.329     -8.370      0.162     -0.251 HE
1.87718e-03 4.96600e-21      1.349     -8.489      0.469     -1.224 HE
9.42951e-01 4.08210e-16      1.030     -8.427      0.333     -0.939 --
9.00009e-01 2.13100e-16     25.000    -10.875      6.850    -23.878 --
2.56926e-01 7.60000e-19      0.604     -8.287      0.035     -0.576 --
1.11823e+00 2.87897e-15      2.420     -9.557      2.055     -0.204 --
3.98657e-01 5.60552e-15     58.216     15.130    -34.906    -40.244 --
1.45218e-01 2.38526e-14     61.176     16.346    -36.802    -42.171 --
5.98886e-02 3.40408e-14     58.717     15.370    -35.331    -40.460 --
9.37434e-01 9.32881e-15     59.103     15.272    -35.480    -40.945 --
3.96913e-01 1.76193e-15     57.955     14.672    -34.798    -40.225 --
6.32336e-01 2.49000e-15     59.700     14.366    -34.260    -43.293 --
9.26276e-01 4.46320e-15     59.700     15.355    -35.923    -41.374 --
1.21709e+00 2.35454e-15      4.500    -10.414      3.339     -2.125 --
7.93142e-02 3.30217e-14    100.000     30.954    -60.377    -69.354 --
3.54732e-01 7.00000e-18      1.250     -8.659      0.548     -1.038 --
1.91447e-01 1.38281e-14     60.252     14.691    -35.730    -42.694 --
1.39022e+00 5.55123e-15      0.880     -8.781      0.734      0.090 --
8.32911e-01 7.19410e-16      2.757     -9.799      2.289      0.363 --
2.90945e-01 9.55940e-15     58.507     13.970    -35.079    -41.163 --
2.11517e+00 9.53764e-15      2.800     -9.821      2.284     -0.530 --
4.72037e-01 3.32849e-15      1.123     -8.904      0.902     -0.260 --
7.38062e-01 1.00000e-16      3.475     -6.999     -2.075     -2.439 --
9.96023e-01 8.03571e-16      2.644     -9.744      2.135     -0.564 --
2.17661e-02 2.88996e-14     59.700     14.129    -35.836    -42.125 NRAD
1.49360e+00 3.54300e-16      2.847     -9.788      2.269      0.889 --
8.02039e+00 1.88000e-11     59.700     13.922    -35.878    -42.199 AXP
2.57315e-03 5.16000e-21      1.001     -7.989     -0.519     -0.771 HE
2.96411e-03 1.14130e-20      2.310     -9.582      1.838     -0.534 HE
1.67916e+00 5.95492e-15      2.500     -9.699      2.068      0.153 --
3.06737e-01 2.36179e-14     59.967     13.675    -36.234    -42.402 --
8.31573e-02 4.27916e-16      3.063    -10.028      2.422     -0.701 HE
1.19738e+00 6.87000e-16      2.349     -9.269      1.190     -1.751 --
1.28366e+00 1.30509e-14      2.140     -9.514      1.758      0.155 --
1.07112e+00 4.80946e-17      1.981     -9.413      1.624      0.247 --
8.07565e-01 7.70397e-17      0.210     -8.338      0.030     -0.177 --
1.26196e+00 6.21091e-16     25.000    -11.075      0.668    -24.810 --
4.30187e+00 8.36476e-15      2.412     -9.678      1.974      0.183 --
6.88542e-01 7.09200e-15     59.700     12.901    -35.985    -42.631 --
3.25883e-01 4.85900e-15     59.700     13.179    -36.527    -42.027 --
5.21455e-01 1.59900e-15      1.931     -9.425      1.569      0.054 --
1.01439e-01 5.84995e-15      1.768     -9.345      1.423     -0.076 HE
1.31339e+00 1.36273e-17      1.035     -8.807      0.553     -0.687 --
1.38899e+00 3.80300e-15      1.583     -9.041      0.762     -1.146 --
3.67537e-03 1.84160e-20      1.190     -8.476     -0.027     -1.150 --
3.48124e-01 1.76140e-15     59.700     12.472    -37.803    -41.247 --
4.63474e-01 1.20000e-16      2.441     -7.528     -1.481     -1.753 --
1.36962e-01 7.83699e-17     25.000    -11.087     -3.255    -24.603 --
4.14763e-01 1.22300e-17      3.059     -9.938      1.445     -2.114 --
7.17963e-01 9.59806e-16      9.097    -13.893      7.171      0.268 --
1.24796e+00 2.06400e-15      1.470     -9.209      0.926     -0.664 RRAT
1.77534e+00 7.90959e-14      2.410     -9.829      1.847     -0.215 --
2.72451e-01 1.07117e-14      2.600     -9.940      2.009     -0.151 HE
1.22295e+00 3.91070e-16      2.300     -9.751      1.783     -0.053 --
4.66803e-02 1.64623e-18      8.788    -13.781      6.868      0.159 --
8.68899e+00 1.99316e-12      3.600    -10.584      2.782      0.007 AXP
1.96321e-01 2.56763e-16      1.900     -9.522      1.453     -0.059 --
1.46466e+00 4.42591e-16     25.000    -18.323      3.549    -22.599 --
2.74665e+00 1.70000e-15      2.476     -9.632      0.867     -1.872 --
8.32742e-01 1.29920e-15      0.930     -8.583      0.003     -0.859 --
2.36457e-03 2.91860e-21      1.622     -9.271      0.724     -1.051 HE
1.81156e+00 1.51617e-16      4.920    -11.623      3.162     -1.752 --
2.35174e+00 1.88925e-13      1.820     -9.484      1.382      0.041 --
1.34918e+00 5.51441e-15      1.172     -9.028      0.903      0.193 RRAT
5.17332e-03 1.42809e-20      1.837     -9.186      0.315     -1.551 --
6.57159e-02 1.93754e-13      3.200    -10.384      2.422      0.206 HE
6.30551e-01 1.19597e-15      1.271     -8.391     -0.434     -1.164 --
8.63883e-01 5.71661e-17      2.531    -10.091      1.629     -0.711 --
1.06391e+00 1.39190e-14      1.743     -9.491      1.269     -0.070 --
1.76622e+00 1.51679e-13      1.952     -9.633      1.424     -0.055 --
3.50731e-01 1.10711e-18      2.240     -9.892      1.420     -0.656 --
3.23200e+00 7.14494e-16      1.656     -7.630     -1.185     -0.916 --
3.76386e-01 6.59926e-15      1.558     -9.396      1.083     -0.200 --
2.45753e-02 2.95957e-19      1.161     -9.122      0.803     -0.140 --
5.48880e-01 6.62117e-16      2.004     -9.655      1.475      0.067 --
2.32309e-03 7.73955e-20      3.150    -10.587      1.950     -0.914 HE
1.24010e+00 2.85149e-15      1.595     -9.483      0.837     -0.640 --
1.46682e+00 3.10998e-15      1.755     -9.439      1.304      0.311 --
2.60083e-03 1.68730e-20      1.853     -9.763      1.028     -0.458 HE
2.17094e-01 5.50947e-14      2.000     -9.760      1.366      0.056 HE
2.35354e+01 2.71600e-14      1.558     -9.454      1.047      0.017 --
2.54155e-03 7.57182e-21      1.170     -9.216      0.448     -0.546 HE
4.47708e-01 3.12891e-17      1.846     -8.307     -1.051     -1.491 --
1.20716e+00 8.25000e-17      1.013     -9.111      0.320     -0.489 --
1.38758e+00 1.29524e-15      0.749     -8.894      0.202     -0.382 --
3.15609e-03 1.72622e-20      0.386     -8.549      0.279      0.123 HE
3.70434e-03 1.97228e-20      0.817     -8.791     -0.100     -0.619 HE
5.18985e-03 1.76152e-20      1.328     -9.264      0.026     -0.886 HE
3.03207e+00 6.35617e-16      0.940     -9.106      0.425     -0.203 --
3.36620e-01 3.81000e-16      2.290    -10.175      1.308     -0.106 --
1.36468e+00 1.55320e-15      1.929     -9.686      1.306      0.336 --
8.93320e-01 2.15250e-16      2.557    -10.437      0.434     -1.309 --
7.14520e-01 2.04826e-15      1.680     -9.676      0.964     -0.004 --
2.69201e-01 7.35045e-18      2.410    -10.375      1.181     -0.303 --
1.76193e+00 4.81184e-15      1.907     -9.709      1.252      0.316 --
2.73259e-03 1.76655e-20      1.300     -9.410      0.196     -0.620 --
3.29934e-03 7.04704e-21      1.603     -9.713      0.695     -0.275 HE
1.93448e+00 1.34224e-14      1.705     -9.730      0.928     -0.011 --
2.59703e+00 3.91184e-17      1.594     -8.959     -0.721     -1.233 --
1.22601e+00 3.47078e-15      1.507     -9.314     -0.317     -1.041 --
3.91227e-02 2.41281e-19      2.100     -9.983     -0.098     -1.225 --
2.42077e+00 1.09950e-15      3.745    -11.660      0.748     -1.448 --
4.44104e-01 1.30368e-14      0.835     -9.067      0.238     -0.201 NRAD
1.97030e-01 4.76594e-16      2.900    -10.788      1.489      0.009 --
2.26484e-01 1.45832e-16      1.481     -9.640      0.593     -0.191 --
1.56384e-01 4.39496e-15      1.000     -9.150      0.527      0.044 HE
9.15058e-02 1.08853e-17      1.884     -9.723      1.189      0.361 --
5.45254e-01 1.54380e-15      1.014     -8.017     -0.770     -0.569 --
5.12194e-01 2.75460e-16      1.844     -9.932      0.852     -0.070 --
6.39539e-02 1.63604e-19      1.655     -9.837      0.476     -0.359 --
2.60865e-03 8.30784e-21      1.624     -9.812      0.400     -0.410 --
5.94576e-01 5.57316e-15      4.200    -11.672      2.449      0.553 --
2.57017e-02 7.90000e-20      1.337     -9.505      0.071     -0.548 --
4.40189e-01 5.01275e-17      1.845     -9.800      1.045      0.272 --
3.90715e-01 7.66012e-17      1.367     -9.300      0.873      0.353 --
2.91018e-03 1.36625e-20      2.205     -9.990      1.344      0.473 HE
7.57119e-01 1.31944e-15      2.519     -9.014     -1.611     -1.773 --
1.24113e+00 5.92467e-16      1.686     -9.850      0.655     -0.077 --
9.00105e-01 6.00000e-17      1.939    -10.141      0.464     -0.368 --
2.16131e+00 1.16338e-15      2.217    -10.041     -0.548     -1.231 --
9.22475e-01 3.93444e-14      1.795     -9.919      0.775      0.041 --
2.15844e+00 2.38826e-14      1.500     -9.672      0.605      0.005 --
3.26279e-01 8.16535e-18      1.521     -9.768      0.210     -0.312 --
5.75745e-03 5.72922e-20      0.157     -8.334     -0.112     -0.078 HE
2.99528e-03 7.99649e-21      0.925     -9.199      0.065     -0.179 --
4.50448e-01 1.48347e-16      1.803     -9.249     -1.063     -1.078 --
4.79164e-01 3.37100e-15     49.700      0.215    -39.529    -28.870 --
4.38014e-01 1.02649e-16      1.798     -9.600     -0.782     -0.938 --
2.45454e-01 0.00000e+00     49.700     -2.537    -39.629    -29.408 --
5.48939e-01 5.75311e-15      0.400     -8.565     -0.200     -0.196 --
1.66512e+00 2.77500e-15      1.342     -8.880     -0.877     -0.807 --
4.57818e-02 1.86120e-19      0.521     -8.797     -0.036     -0.125 --
1.38914e+00 4.88800e-15      0.765     -9.022      0.253      0.046 --
3.40729e-01 2.37227e-15      1.180     -9.338      0.538      0.185 --
3.20423e-01 1.02119e-14     49.700     -0.441    -39.832    -28.639 --
8.00132e-01 3.67000e-14     49.700      0.110    -39.831    -28.483 --
2.49701e+00 2.10000e-16      1.333     -8.231     -1.066     -0.770 --
1.88348e+00 5.30000e-16      1.938     -9.874     -0.704     -0.858 --
1.13308e+00 1.39826e-15      0.160     -8.434     -0.053     -0.042 --
5.76210e+00 5.81695e-12      2.000    -10.196      0.633      0.101 AXP
6.38565e-01 5.58234e-15      2.700    -10.839      0.906      0.180 --
6.91251e-01 2.30900e-14     49.700     -3.555    -40.169    -28.853 --
4.05584e-03 4.41184e-21      0.817     -9.060     -0.168     -0.222 --
7.65413e-02 7.93134e-18      1.562     -9.829      0.317     -0.000 --
3.22062e-01 2.07126e-16      0.818     -8.240     -0.669     -0.440 --
4.99058e-03 6.97364e-22     11.950    -12.532     -8.832     -6.820 --
5.59595e-03 -2.28597e-30     11.950    -12.584     -9.149     -6.356 --
3.20271e-01 2.04203e-15      0.966     -8.577     -0.738     -0.531 HE
2.22367e-01 1.16047e-17      0.158     -8.456     -0.006      0.003 --
2.63694e+00 6.85610e-16      1.598     -9.885     -0.010     -0.177 --
9.12512e-01 1.91000e-16      1.337     -9.529      0.490      0.215 --
3.40203e-01 1.67588e-15      1.434     -9.590      0.577      0.269 --
2.63212e-01 6.96800e-16     49.700     -0.967    -40.894    -27.250 --
2.41642e-01 3.01327e-17      2.372     -9.659     -1.528     -1.174 --
6.74532e-01 1.77270e-14     49.700     -1.631    -41.050    -27.186 --
3.54438e-01 7.36052e-17      1.841    -10.050     -0.394     -0.389 --
3.74554e+00 4.00530e-14      1.215     -9.504     -0.081     -0.115 --
6.89224e-01 5.75450e-16      7.001    -13.943     -3.261     -2.530 --
9.75737e-01 1.54735e-14     49.700     -3.313    -41.484    -26.885 --
9.06502e-01 6.21240e-16     25.000    -17.782    -19.043    -13.105 --
6.42743e-01 5.35400e-15     49.700     -3.514    -41.641    -26.679 --
9.63018e-01 1.60617e-16      2.172    -10.269     -0.719     -0.541 --
4.38816e-03 1.26184e-20      2.392    -10.154      1.311      0.779 HE
1.57285e-01 2.80240e-16      1.239     -8.635     -0.993     -0.633 --
3.33924e-02 4.20972e-13      2.000    -10.284     -0.158     -0.168 HE
1.81757e+00 4.25050e-13     49.700     -3.172    -41.694    -26.532 --
2.00511e-01 1.15000e-14     49.700     -1.006    -41.527    -26.287 --
1.24586e+00 5.75400e-16      0.143     -8.264     -0.117     -0.046 --
1.61222e-02 5.17843e-14     49.700     -1.366    -41.678    -26.145 NRAD
1.43158e-01 3.66945e-15      1.300     -9.599      0.006     -0.007 HE
5.24271e-01 4.48110e-16      1.421     -9.718      0.081      0.050 --
4.01141e-01 1.16985e-17      1.512     -9.747      0.386      0.238 --
5.05697e-02 4.78909e-13     49.700     -1.233    -41.761    -25.976 HE
1.28601e+00 8.20000e-16      0.547     -8.202     -0.457     -0.257 --
2.45975e-01 1.54227e-14      1.565     -9.858     -0.119     -0.059 --
7.08954e-01 3.94000e-15     49.700     -1.644    -41.958    -25.767 --
2.84385e+00 7.65000e-15      1.517     -9.813     -0.099     -0.022 --
5.59493e-01 1.37421e-17      1.150     -9.423      0.193      0.183 --
4.64961e-01 1.42603e-13      2.000    -10.297      0.033      0.128 NRAD
8.27838e-01 5.96000e-15     49.700      0.160    -42.133    -24.940 --
2.55637e-03 7.35189e-21      1.834    -10.085     -0.402     -0.105 --
4.36426e-02 7.30000e-20      4.268    -10.516     -3.212     -1.701 --
2.26136e+00 2.78000e-15      0.553     -8.330     -0.481     -0.244 --
3.95969e-01 1.30210e-15      2.060     -9.997     -1.067     -0.448 --
2.72795e-03 4.71732e-21      0.215     -8.512      0.022      0.058 HE
9.45845e-01 1.35104e-14      1.646     -9.901     -0.380     -0.013 --
5.56980e-02 2.35000e-19      0.574     -8.866     -0.092      0.039 --
3.86132e-03 1.23266e-20      1.389     -9.189     -0.977     -0.404 HE
2.70329e-01 3.99700e-15      0.807     -9.078     -0.214      0.001 --
2.97982e-01 5.94685e-17      0.534     -8.825      0.042      0.113 --
4.43871e-01 1.49737e-16      1.083     -9.365      0.085      0.201 --
6.19198e-01 3.24477e-15      0.186     -8.483      0.015      0.057 --
3.06184e-03 9.59067e-21      0.950     -9.109     -0.475     -0.124 HE
3.34960e-01 5.94494e-14      3.500    -11.755     -0.535      0.184 --
3.14867e-03 1.74191e-20      0.667     -8.605     -0.539     -0.220 HE
2.69954e-01 7.22266e-17      1.702     -9.821     -0.750     -0.118 --
2.88539e-02 4.73000e-20      1.351     -9.565     -0.474     -0.016 --
2.72179e-03 2.48300e-20      1.100     -9.387     -0.136      0.128 HE
6.13760e-01 8.83700e-17      1.375     -9.527     -0.612     -0.076 --
1.03908e+00 8.30443e-16      1.938     -9.896     -1.067     -0.239 --
3.46523e-01 1.69759e-15      1.794     -9.936     -0.734     -0.033 --
4.75885e-01 2.98086e-14      2.289    -10.392     -0.927     -0.046 --
1.24142e+00 5.47900e-16      1.767     -9.936     -0.667      0.006 RRAT
4.76623e-01 1.99573e-15      2.900    -11.148     -0.442      0.351 --
6.80575e-01 3.74810e-15      2.103    -10.092     -1.086     -0.151 --
1.24443e+00 7.12296e-15      0.320     -8.467     -0.257     -0.065 HE
1.10979e-01 3.61723e-15      4.583    -12.464     -1.913     -0.058 HE
2.87841e-01 1.02735e-13      2.104    -10.261     -0.761      0.050 HE
2.97395e-01 7.95915e-14      1.355     -9.527     -0.575      0.009 NRAD
2.37099e-01 1.09709e-14      0.190     -8.483     -0.049      0.042 HE
3.25321e+00 3.82000e-15      3.676    -10.641     -2.714     -0.790 --
2.86895e-03 3.44901e-21      0.714     -8.949      0.188      0.257 HE
1.98460e+00 3.17200e-15      0.383     -8.395     -0.343     -0.113 --
9.86486e-01 1.62517e-16      2.409    -10.191     -1.474     -0.209 --
3.46149e-03 4.89809e-20      2.677    -10.537     -1.463     -0.112 --
8.85350e-03 4.92113e-21      1.220     -9.398      0.316      0.453 --
9.03913e-01 7.36089e-16      2.536    -10.608     -1.041      0.169 --
1.23485e+00 6.42100e-15      2.742    -10.796     -1.124      0.192 --
9.24054e-01 1.52500e-16      2.318    -10.209     -1.314      0.008 --
4.75813e-03 2.07607e-20      0.911     -9.141      0.160      0.338 HE
1.21444e+00 3.79879e-15      2.348     -9.730      1.528      1.091 --
1.22475e+00 2.67004e-17      1.632     -9.256     -1.298     -0.225 --
1.83157e-01 3.19151e-17      0.372     -8.332     -0.346     -0.107 --
5.63295e-01 9.15201e-15      2.301    -10.220     -1.265      0.101 --
8.23701e-01 1.43838e-15      0.815     -9.084     -0.092      0.231 --
3.84929e-01 5.49412e-14      0.286     -8.564     -0.102      0.069 HE
1.95671e-01 6.85339e-19      0.413     -8.628      0.178      0.204 --
3.44290e-02 3.80404e-19      1.203     -9.330     -0.607      0.160 --
4.85268e-01 1.26000e-16      0.371     -8.300     -0.347     -0.105 --
1.21409e+00 4.00000e-16      1.168     -9.331     -0.518      0.209 --
5.49097e-03 1.49073e-20      0.106     -8.284     -0.096     -0.015 --
9.74729e-01 7.23555e-15      9.810    -13.339     -8.360     -0.952 --
8.39112e+00 6.98000e-14      0.400     -8.473     -0.356     -0.029 XINS
1.55424e-02 4.40000e-20      2.680     -9.848     -2.184     -0.105 --
4.24311e-01 9.26397e-17      2.777    -10.030     -2.172      0.017 --
3.44231e+00 2.93110e-13      2.900     -9.742     -2.505     -0.203 --
2.51709e-01 1.13356e-13      2.679    -10.007     -2.063      0.099 HE
5.10176e-01 1.89583e-14      2.000     -9.482     -1.613      0.019 HE
4.09014e-03 6.02252e-21      1.151     -9.345     -0.299      0.406 --
1.79625e+00 5.70447e-15      4.122    -10.440     -3.520     -0.112 --
4.86287e+00 1.51900e-13      0.103     -8.292     -0.097     -0.007 RRAT
3.20370e-01 5.46936e-15      3.060     -9.936     -2.586      0.015 --
2.26994e-02 1.75993e-18      1.100     -8.760     -0.996     -0.058 HE
2.77346e+00 8.92282e-16      1.100     -8.760     -0.996     -0.058 --
6.82769e+00 2.69682e-14      1.124     -9.116      0.539      0.581 --
3.74921e-01 1.37504e-15      1.600     -8.731     -1.520     -0.227 --
2.88574e-03 1.21905e-20      1.150     -9.162      0.504      0.598 HE
3.13914e-03 6.69197e-21      0.523     -8.767      0.015      0.262 --
6.06191e-01 3.71000e-16      1.610     -9.725      0.111      0.768 --
1.66762e-01 1.68211e-14      2.000     -9.183     -1.792     -0.055 HE
2.14839e-01 2.18686e-15      0.565     -8.332     -0.547     -0.112 --
2.79103e+00 1.66600e-14      0.810     -8.450     -0.783     -0.115 --
4.07701e-01 6.78176e-16      1.864     -9.680      0.824      0.971 --
1.17493e+00 8.30622e-17      1.610     -9.605      0.472      0.844 --
1.09545e+00 9.75950e-16      0.560     -8.424     -0.540     -0.054 --
9.15216e-01 1.09644e-16      0.338     -8.239     -0.312     -0.089 --
3.47877e-03 7.78699e-21      0.600     -8.816     -0.216      0.245 HE
1.44235e+00 1.07986e-15      1.464     -9.592     -0.186      0.689 --
6.82265e-01 1.61889e-15      2.708     -9.860     -2.186      0.373 --
1.09187e+00 3.83882e-16      0.441     -8.473     -0.406      0.025 --
5.71257e-01 1.16110e-15      0.818     -8.814     -0.615      0.188 --
2.19199e+00 4.21000e-15      2.916     -9.136     -2.790     -0.116 --
5.26644e-01 3.74927e-16      0.937     -8.321     -0.918     -0.161 --
8.66349e-01 4.01000e-16      2.884     -8.990     -2.794     -0.160 --
5.47202e-01 3.07733e-15      6.501     -9.054     -6.394     -0.870 --
4.82596e-01 4.49000e-17      5.860     -9.706     -5.682     -0.256 --
1.29224e+00 1.68114e-16      0.432     -8.581      0.236      0.254 --
6.45161e-01 1.39000e-16      2.491    -10.207     -1.270      1.004 --
4.34242e-01 3.90000e-18      0.353     -8.592      0.033      0.223 --
7.63742e-01 5.80000e-16      0.422     -8.444     -0.396      0.049 --
2.16126e+00 7.54373e-16      0.484     -8.455     -0.458      0.043 --
1.23813e+00 2.10518e-15      1.900     -9.338     -1.535      0.445 --
1.24837e-01 2.44203e-15      4.086     -9.252     -3.973     -0.043 --
1.07357e+00 1.21690e-14      3.576     -9.089     -3.487     -0.069 --
5.45446e-01 1.97547e-17      0.571     -8.411     -0.559      0.000 --
3.96730e-01 3.48124e-15      5.802     -9.324     -5.702     -0.287 --
1.12799e-01 9.28831e-18      2.200     -8.667     -2.165     -0.105 NRAD
8.64873e-01 1.04550e-16      2.700    -10.167     -1.683      1.011 --
9.86135e-03 1.46890e-19      1.688     -9.441     -1.088      0.630 --
5.30661e-01 1.70932e-15      0.500     -8.706     -0.124      0.291 HE
1.84892e+00 9.96288e-16      0.354     -8.398     -0.340      0.043 --
3.11674e-01 1.27900e-15      5.883     -9.090     -5.823     -0.247 --
1.21118e-01 4.28088e-15      5.508     -9.173     -5.438     -0.070 --
5.41404e-01 9.77844e-15      0.555     -8.424     -0.541      0.047 --
8.93284e-02 1.25008e-13      0.280     -8.331     -0.278      0.013 HE
7.38436e-01 1.32000e-15      3.609     -8.831     -3.569     -0.041 --
1.27377e+00 6.79922e-15      0.191     -8.431     -0.109      0.112 --
6.29410e-01 3.48672e-13     25.000    -17.684    -22.774      4.302 
7.51625e-01 3.53848e-15      1.500     -8.537     -1.481      0.019 --
3.08581e-01 3.92962e-17      4.101     -9.762     -3.777      0.672 --
3.61536e-03 1.04305e-20      0.413     -8.436     -0.386      0.084 HE
1.70395e+00 8.12961e-16      5.095     -9.219     -5.011      0.112 --
7.20614e-01 1.64348e-15      0.567     -8.293     -0.563     -0.044 --
6.44367e-01 9.56001e-15      3.091     -8.452     -3.079     -0.194 --
2.08956e-01 1.72476e-16      1.573     -8.342     -1.567     -0.107 --
1.11610e+00 1.60069e-15      0.535     -8.418     -0.520      0.071 --
5.97749e+00 1.19940e-13      6.547     -9.047     -6.504      0.048 RRAT
1.60223e+00 4.46322e-16      3.303    -10.203      2.072      1.757 --
3.67954e-01 7.90827e-16      0.383     -8.239     -0.369     -0.054 --
1.23303e+00 3.12208e-16      1.436     -9.357      0.328      0.942 --
1.26754e+00 6.32082e-15      0.502     -8.413     -0.485      0.093 --
6.46861e-02 7.26269e-15      5.638     -8.599     -5.629     -0.071 --
5.75072e-01 1.36200e-14     13.740     -8.992    -13.720     -0.257 --
9.62511e-01 1.67957e-15      0.371     -8.246     -0.361     -0.040 --
2.42961e-01 2.40000e-16      1.567     -9.483     -0.212      1.033 --
3.26793e-01 1.97339e-14      2.806     -8.522     -2.797      0.068 --
1.11096e-02 4.88775e-20      0.900     -8.512     -0.862      0.176 --
7.58855e+01 2.24586e-13      0.327     -8.339     -0.324      0.048 --
4.42058e-01 8.73766e-14      3.008     -8.436     -3.005      0.027 --
6.60314e-01 9.67515e-17      0.192     -8.266     -0.185     -0.010 --
9.65174e-01 1.87798e-15      0.675     -8.358     -0.672      0.061 --
5.49554e-01 4.62135e-16      0.962     -7.993     -0.860     -0.276 --
9.88281e-01 1.49845e-16      2.913     -8.440     -2.909      0.079 --
3.46310e-01 2.48466e-14      1.320     -8.263     -1.318     -0.039 --
3.40854e-01 5.22000e-16      0.359     -8.249     -0.351     -0.028 --
2.53558e-01 1.83496e-15      0.340     -8.287     -0.339      0.009 --
4.01626e-01 6.69500e-16      0.805     -8.606     -0.692      0.301 --
1.06771e-01 1.51031e-14      1.000     -8.295     -1.000      0.009 HE
1.36289e+00 3.26710e-16      0.752     -8.081     -0.688     -0.184 --
1.52609e+00 3.59000e-15      0.346     -8.341     -0.341      0.067 RRAT
1.21698e+00 1.00000e-17      0.355     -8.241     -0.347     -0.021 --
1.56799e+00 3.60812e-15      1.003     -8.965      0.364      0.684 --
9.67981e-03 1.80651e-20      0.355     -8.277     -0.354      0.018 --
4.30632e-01 1.37164e-14      1.100     -8.919     -0.631      0.682 HE
9.50357e-01 9.75733e-14      2.706     -8.194     -2.704      0.034 --
7.46344e-01 3.54348e-14      0.514     -8.258     -0.512      0.010 --
7.39505e-01 4.92253e-15      0.107     -8.284     -0.105      0.017 --
5.98251e-03 1.61415e-20      1.976     -9.613      0.657      1.349 --
7.61889e-01 3.05330e-16      1.091     -9.005     -0.334      0.790 --
1.80707e+00 3.36200e-15     25.000    -14.768    -22.555      8.655 --
4.63803e-03 3.62853e-21      3.722     -9.410     -3.238      1.488 HE
1.93163e+00 2.50000e-16      0.414     -8.361     -0.397      0.128 --
4.39216e+00 8.37232e-15      0.359     -8.263     -0.357      0.018 --
5.70409e-01 2.69000e-16      0.530     -8.315     -0.525      0.095 --
1.44478e+00 4.65274e-15      0.349     -8.265     -0.347      0.023 --
8.75686e-02 3.28995e-14      0.377     -8.251     -0.374      0.018 HE
6.58559e-01 1.13840e-15      0.398     -8.255     -0.395      0.027 --
6.64389e-01 2.26780e-14      0.300     -8.255     -0.296      0.015 --
8.08171e-01 3.95810e-14      0.406     -8.234     -0.400      0.006 --
1.08742e+00 9.10862e-17      1.371     -9.070     -0.574      1.005 --
5.32975e-01 8.98312e-17      3.554    -10.415     -1.124      2.652 --
2.22943e+00 4.42064e-15      2.670    -10.032     -0.013      2.059 --
5.70264e-01 4.52560e-17      0.690     -8.514     -0.565      0.361 --
3.31586e-01 4.82910e-15      0.352     -8.274     -0.350      0.049 --
1.09771e+00 3.49339e-15      0.892     -8.755     -0.464      0.638 --
8.51014e-01 4.30189e-16     25.000    -23.417     -5.870     19.054 --
6.40016e-01 6.37000e-16      1.678     -7.798     -1.564     -0.315 --
1.41380e-03 4.77320e-21      7.600    -11.036     -5.553      4.436 HE
1.37382e+00 5.77347e-16      0.523     -8.311     -0.511      0.136 --
2.53065e-01 2.29759e-16      0.261     -8.423     -0.142      0.208 HE
4.72866e-01 4.38807e-14      0.432     -8.232     -0.427      0.026 --
2.02273e-03 3.81333e-20      0.488     -8.300     -0.478      0.125 HE
8.62123e-01 3.52539e-15      0.401     -8.242     -0.397      0.035 --
1.99936e-03 1.42601e-20      2.173     -7.789     -2.101     -0.192 HE
2.03557e-01 1.94705e-15      0.449     -8.226     -0.443      0.029 --
6.70086e-01 8.51737e-17      0.361     -8.264     -0.358      0.061 --
2.55677e-01 9.59500e-16      0.127     -8.282     -0.126      0.033 --
1.43664e+00 5.15828e-14      0.300     -8.247     -0.295      0.027 --
1.66118e+00 8.63727e-16      0.432     -8.220     -0.424      0.022 --
7.73364e+00 5.98690e-14      1.240     -8.023     -1.206     -0.051 --
7.77501e-01 1.57172e-15      3.270     -7.682     -3.211     -0.004 --
7.13489e-01 1.04000e-16      3.171     -7.598     -3.087     -0.154 --
3.07074e-01 2.07122e-15      0.369     -8.261     -0.365      0.066 --
8.35797e-01 5.73000e-16      2.382     -7.666     -2.282     -0.225 --
5.25575e-03 1.71273e-20      0.700     -8.714      0.149      0.571 HE
2.51795e+00 8.80950e-16      0.983     -8.419     -0.872      0.464 --
3.10114e-03 6.54557e-21      0.372     -8.273     -0.364      0.099 HE
2.13359e+00 3.76500e-14      2.799     -7.649     -2.721     -0.061 --
8.19929e-01 1.77966e-14      3.180     -7.547     -3.087     -0.095 --
4.42901e-01 5.56474e-16      3.143     -7.534     -3.045     -0.118 --
1.39920e-01 5.73655e-14      2.732     -7.681     -2.661     -0.003 --
7.69586e-01 1.92673e-15      0.117     -8.277     -0.115      0.032 --
8.78343e-02 6.98783e-16      2.587     -7.687     -2.513     -0.037 --
1.07386e-01 8.08342e-14      3.161     -7.532     -3.064     -0.079 HE
4.52785e-01 5.70000e-16     25.000    -21.401     -4.389     20.862 --
5.03463e-01 3.13979e-15      3.509     -7.527     -3.423      0.045 --
2.33851e-03 2.21387e-21      1.807     -7.653     -1.640     -0.368 --
8.31525e-02 1.09316e-19      1.068     -8.496     -0.868      0.618 --
1.80470e+00 1.74220e-15     25.000    -12.541    -20.618     13.514 --
1.62513e-01 2.00591e-14     10.914     -5.690    -10.597     -0.111 HE
1.23831e+00 4.04700e-14      0.938     -8.062     -0.907     -0.006 --
1.40481e-01 6.73794e-15      3.277     -7.437     -3.157     -0.139 --
6.70026e-01 5.34233e-17      2.429     -7.752     -2.366      0.065 --
1.64529e-02 4.33373e-20      0.725     -8.580     -0.358      0.592 --
1.64373e+00 1.45400e-13      4.246     -7.248     -4.113     -0.038 --
1.68799e-03 6.92950e-21      1.190     -8.668     -0.743      0.881 HE
1.11472e-01 3.83749e-13      2.080     -7.791     -2.017      0.011 NRAD
5.16220e-03 1.85507e-20      1.220     -8.589     -0.881      0.821 HE
9.14032e-02 1.61000e-14      1.423     -7.930     -1.374      0.013 HE
3.06411e-01 1.78400e-15      3.383     -7.319     -3.233     -0.146 --
2.40762e+00 1.78913e-14      2.096     -7.853     -2.039      0.213 --
7.87410e-02 3.60634e-14      4.324     -7.149     -4.168      0.024 --
4.64213e-01 1.79752e-15      3.005     -7.476     -2.889     -0.029 --
1.15059e+00 2.30457e-16      1.693     -8.242     -1.567      0.664 --
5.79577e-01 3.50400e-16      2.167     -7.614     -2.048     -0.155 --
2.87201e-03 4.64634e-20      1.461     -7.797     -1.357     -0.174 HE
1.68011e-03 6.37944e-21      0.408     -8.239     -0.394      0.115 --
5.10370e-01 1.65239e-15      2.312     -7.841     -2.245      0.336 --
5.33502e-01 1.36200e-15      2.052     -7.611     -1.918     -0.212 --
2.88516e-02 6.70000e-20      5.558     -9.717     -3.396      4.192 --
6.61993e-01 1.25879e-15      0.918     -8.043     -0.881      0.026 --
1.38637e+00 9.44851e-16      2.506     -8.456     -2.081      1.414 --
1.17087e+00 6.71756e-15      2.790     -7.569     -2.689      0.171 --
2.88605e-01 1.04047e-14      3.054     -7.346     -2.899     -0.088 --
1.39029e-01 5.46277e-14      1.895     -7.759     -1.816      0.064 NRAD
2.40475e-02 7.86465e-20      0.329     -8.360     -0.220      0.264 --
7.47422e-03 1.76640e-20      0.340     -8.237     -0.326      0.099 --
3.26271e-01 1.24200e-16      4.740     -9.464     -2.692      3.751 --
3.69428e-01 1.15164e-15      2.340     -7.613     -2.237      0.055 --
3.30328e-01 6.10060e-17      2.144     -8.179     -1.938      0.937 --
1.98453e-01 1.68722e-15      1.766     -7.664     -1.632     -0.194 --
4.66516e-03 3.00775e-20      2.002     -9.077     -0.512      1.799 HE
2.73086e+00 1.21559e-15     25.000    -21.204      6.116     20.547 --
1.23740e-01 9.61449e-14      2.900     -7.431     -2.767      0.053 HE
1.23130e+00 1.21937e-14      1.008     -7.997     -0.961      0.035 RRAT
7.27618e-01 3.90506e-15      1.120     -8.883      0.357      0.914 --
2.20233e+00 4.37396e-15      3.011     -7.388     -2.869      0.058 --
6.45208e+00 3.80908e-11      9.000     -5.481     -8.547     -0.064 AXP
1.80592e-01 1.99831e-14      3.143     -7.300     -2.980      0.002 --
3.83830e-01 3.87467e-16      1.994     -7.610     -1.866     -0.110 --
3.46909e-01 4.07400e-15      2.585     -7.470     -2.448      0.020 --
2.28324e-01 2.09000e-16      2.327     -7.554     -2.204      0.017 --
1.84000e+00 3.13846e-15      2.342     -7.468     -2.180     -0.171 --
9.47558e-01 9.23905e-14      3.597     -7.123     -3.399     -0.018 --
9.96608e-02 2.95322e-14      3.830     -7.045     -3.618     -0.027 HE
4.48635e-01 7.08000e-16      1.883     -7.654     -1.767     -0.062 --
2.91940e+00 2.03360e-14      2.035     -7.518     -1.854     -0.276 --
6.76082e-01 5.75929e-16      3.062     -7.362     -2.912      0.147 --
4.22451e-01 3.57751e-15      2.400     -7.469     -2.248     -0.100 --
2.63097e-02 6.29901e-20      1.689     -7.627     -1.518     -0.282 --
6.28306e-01 2.24800e-16      0.639     -8.148     -0.609      0.146 --
1.97116e-01 5.83875e-15      0.093     -8.274     -0.089      0.038 HE
1.34740e+00 1.32967e-15      1.453     -7.660     -1.228     -0.414 --
6.16271e-01 6.50705e-16      2.588     -7.447     -2.443      0.019 --
3.63117e+00 5.73565e-15      1.944     -9.292      0.829      1.479 --
1.18500e+00 4.30597e-15      1.643     -7.783     -1.559      0.081 --
6.28001e-02 8.55815e-15      7.000     -5.902     -6.575     -0.095 NRAD
5.10927e-03 1.80000e-21      2.175     -7.508     -2.020     -0.128 --
3.39271e-03 3.68335e-21      1.683     -7.798     -1.598      0.188 --
3.96587e-01 9.90400e-16      2.379     -7.487     -2.236      0.012 --
2.80905e-01 1.96670e-15      1.327     -7.839     -1.244      0.006 --
6.40306e+00 1.43497e-15      1.580     -8.569     -0.872      1.317 RRAT
3.51112e-01 2.50000e-15      0.127     -8.271     -0.119      0.060 --
6.32021e-02 1.58446e-14      2.360     -7.474     -2.210     -0.011 HE
2.71793e+00 2.32696e-15      2.153     -7.496     -1.991     -0.127 --
2.52773e-01 9.00910e-18      0.115     -8.261     -0.108      0.029 --
1.51653e+00 3.40000e-16      1.915     -7.637     -1.797      0.042 --
1.79940e+00 1.55800e-13      2.937     -7.252     -2.743     -0.044 --
5.58254e-01 2.06077e-15      2.444     -7.494     -2.303      0.175 --
6.49619e-02 3.14596e-14      4.464     -6.684     -4.161     -0.014 HE
3.34214e-01 8.23065e-16      2.531     -7.308     -2.317     -0.207 --
8.20488e-01 2.82152e-15      2.078     -7.451     -1.873     -0.273 --
8.80865e-01 4.60138e-14      5.505     -6.288     -5.124     -0.010 --
1.65644e+00 2.49279e-15      0.923     -8.709      0.197      0.831 --
1.31089e+00 3.47126e-17      1.061     -8.329     -0.733      0.793 --
2.59782e-01 7.22886e-15      2.187     -7.496     -2.034      0.020 --
8.67949e-01 9.85000e-16      0.839     -8.213     -0.696      0.487 --
9.43165e-01 7.96582e-15      0.280     -8.233     -0.258      0.114 --
5.05106e-01 1.25043e-14      3.973     -6.806     -3.680     -0.049 --
1.15527e+00 2.40000e-16      2.752     -7.220     -2.525     -0.155 --
4.07963e-01 4.02022e-12      8.400     -5.133     -7.780     -0.062 HE
2.28060e+00 3.68246e-15      0.771     -7.948     -0.645     -0.206 --
5.55702e-03 9.35677e-22      0.954     -8.099     -0.855      0.399 --
5.35787e-01 2.79928e-15      2.324     -7.505     -2.171      0.262 --
7.83807e-03 1.52360e-20      0.668     -8.158     -0.595      0.295 --
2.44839e-01 6.49154e-17      1.870     -7.724     -1.739      0.401 --
6.40238e-01 6.44666e-15      3.484     -6.966     -3.219      0.026 --
2.71438e-01 5.25228e-15      2.187     -7.440     -2.009     -0.044 --
2.32979e-01 2.74636e-15      1.675     -7.610     -1.518     -0.134 --
2.40957e-03 6.01157e-21      0.987     -8.077     -0.883      0.408 HE
1.85560e-01 9.00000e-18      2.639     -7.347     -2.454      0.219 --
1.35477e-01 7.52566e-13      5.000     -6.424     -4.633      0.174 HE
4.79099e-01 6.20000e-16      2.702     -7.214     -2.470     -0.120 --
4.20161e-03 6.94295e-21      0.903     -8.740      0.559      0.583 --
3.10221e-03 6.08990e-20      1.744     -7.650     -1.617      0.104 HE
2.63038e-03 3.73132e-21      0.988     -7.922     -0.913      0.041 HE
2.02737e-01 2.81777e-16      2.426     -7.359     -2.236      0.036 --
5.79419e-01 3.29384e-15      1.185     -7.793     -1.058     -0.141 --
5.15984e-01 1.10000e-17      7.400     -5.351     -6.786     -0.108 --
4.79664e+00 -2.76093e-15      3.386     -8.744     -1.415      3.071 RRAT
1.62323e-01 1.58900e-17      2.408     -7.381     -2.223      0.141 --
6.80984e-01 9.51592e-16      2.387     -7.377     -2.200      0.100 --
2.56353e-01 4.60564e-16      1.972     -7.458     -1.769     -0.197 --
3.25634e-01 7.76192e-16      2.688     -7.440     -2.466      0.662 --
1.75166e-01 6.80000e-17      2.911     -7.207     -2.688      0.264 --
1.02288e+00 4.64546e-16      7.452     -5.245     -6.795     -0.152 --
1.18792e+00 3.73386e-15      0.370     -8.361     -0.116      0.373 --
3.64715e-01 8.22668e-15      1.518     -7.726     -1.397      0.181 --
1.18931e+00 1.75000e-15      1.955     -7.468     -1.765     -0.102 --
2.51264e-03 3.24000e-21      3.833    -10.119      2.256      2.536 HE
5.56216e-01 6.97953e-17      2.603     -7.173     -2.334     -0.211 --
1.17564e-01 1.24784e-14      7.183     -5.321     -6.536     -0.041 --
5.38433e-01 2.01688e-15      0.795     -8.111     -0.667      0.417 --
2.91468e-01 4.65324e-16      1.853     -7.827     -1.578      0.875 --
3.93899e-01 4.30737e-15     10.000     -3.961     -8.983     -0.661 --
5.07530e-03 1.49900e-20      2.145     -8.341     -1.091      1.873 HE
5.58383e-01 7.79480e-17      3.483     -6.822     -3.154     -0.019 --
6.75646e-01 6.95300e-16      2.397     -7.398     -2.186      0.419 --
6.85358e-01 4.85000e-16      2.220     -7.425     -2.027      0.256 --
9.87783e-01 -3.80529e-17      1.395     -7.708     -1.263      0.027 --
8.50665e-01 3.08346e-14      2.644     -7.175     -2.393      0.003 --
2.73375e-01 1.78840e-15      1.634     -7.610     -1.481      0.063 --
3.72231e-03 7.93000e-21      1.793     -7.503     -1.601     -0.104 --
3.55994e+00 1.11017e-14      2.063     -7.446     -1.872      0.183 --
3.24103e+00 2.70000e-15      2.454     -7.219     -2.201     -0.071 --
1.01633e-01 1.02791e-14      2.227     -7.330     -2.005      0.059 HE
1.78983e+00 1.28140e-15      2.156     -7.386     -1.947      0.173 --
3.76570e-01 6.68500e-15      1.367     -7.707     -1.231      0.069 --
2.82012e-01 5.59000e-16      1.358     -7.695     -1.216      0.009 --
2.88417e-01 2.65482e-14      2.848     -7.080     -2.562      0.269 --
1.03793e+00 1.02000e-15      2.330     -7.283     -2.093      0.144 --
4.35892e-02 1.43000e-19      0.961     -7.910     -0.860      0.205 --
4.00526e-01 3.93281e-15      4.000     -6.502     -3.573      0.007 --
6.67486e-01 2.62867e-17      2.006     -7.381     -1.782     -0.041 --
5.25077e-01 2.81335e-15      1.609     -7.521     -1.330     -0.434 --
5.92136e-01 3.55500e-15      9.538     -3.925     -8.474     -0.119 --
4.52803e-01 2.13023e-15      1.889     -7.458     -1.686      0.153 --
3.08861e-01 2.17013e-16      1.908     -7.390     -1.664     -0.183 --
1.76983e+00 1.55988e-15      2.634     -7.240     -2.286      0.795 --
4.84276e-03 6.06476e-21      1.267     -7.757     -1.118      0.276 HE
2.87139e-02 2.96815e-20      8.463     -4.394     -7.497      0.430 --
4.24131e-01 2.22340e-17      2.600     -7.154     -2.291      0.471 NRAD
2.79768e-01 7.25322e-16      2.371     -7.224     -2.097      0.289 --
1.16319e+00 9.24700e-15      9.548     -3.760     -8.398     -0.131 --
4.23701e+00 4.30854e-16      0.923     -7.857     -0.808     -0.027 --
4.33084e-01 2.63637e-16      8.038     -4.469     -7.065     -0.110 --
9.09823e-01 5.34000e-17      1.883     -7.416     -1.658      0.156 --
6.36414e-01 1.09032e-16      3.238     -6.824     -2.838      0.529 --
3.74053e-01 1.68236e-14     18.311      0.555    -16.027      0.063 --
3.53938e-03 1.59847e-21      1.098     -7.766     -0.959     -0.005 --
7.89212e-01 7.75954e-17      8.983     -3.885     -7.822     -0.090 --
1.93454e-03 5.26786e-21      1.251     -8.058     -0.667      1.058 HE
1.08116e+00 1.50000e-16      1.408     -7.617     -1.226      0.148 --
2.88541e-01 5.70000e-18      4.770     -5.966     -4.149      0.330 --
5.85761e-01 2.01958e-14      9.876     -3.389     -8.568      0.108 --
2.16480e-01 4.95328e-15      4.000     -6.302     -3.464     -0.078 HE
1.01845e+00 2.06340e-15      1.929     -7.361     -1.670      0.251 --
6.26324e-01 2.88000e-16      2.194     -7.212     -1.904      0.105 --
4.19619e-01 9.33084e-16      9.838     -3.364     -8.506     -0.232 --
2.28508e+00 2.47400e-15      1.868     -8.008     -0.820      1.680 --
6.19300e+00 7.05000e-15      2.175     -7.446     -1.676      1.118 RRAT
1.68638e-03 1.10911e-20      1.613     -7.540     -1.370      0.409 HE
3.45278e-02 1.86408e-19      9.469     -3.554     -8.193      0.109 --
3.68388e-03 2.26243e-20      0.420     -8.179     -0.252      0.341 HE
8.77239e-01 3.48682e-17      1.934     -7.389     -1.615      0.576 --
1.35124e+00 1.32008e-16      8.278     -4.081     -7.122     -0.026 --
1.87299e+00 1.40000e-17      0.871     -7.884     -0.731      0.252 --
8.82819e-02 8.10544e-19      5.423     -5.517     -4.649     -0.192 --
5.64759e-01 6.92000e-15     10.020     -3.152     -8.596     -0.061 --
7.56892e-01 3.87800e-15     10.378     -2.961     -8.897     -0.161 --
5.69242e-01 8.66000e-16      5.991     -5.680     -4.697      2.666 --
2.56778e-01 1.97000e-16     10.296     -2.963     -8.802     -0.186 --
3.59757e+00 5.10300e-15      2.021     -7.875     -0.897      1.787 --
2.94760e-01 1.55200e-16      2.755     -6.928     -2.318      0.607 --
2.11097e+00 2.19000e-15      3.036     -6.716     -2.578     -0.221 --
1.11859e+00 1.44556e-15      2.554     -8.279     -0.268      2.567 --
8.58327e-01 4.36141e-16     25.000     -3.850     -9.116     22.876 --
1.38245e+00 9.60049e-16      0.840     -8.313     -0.048      0.866 --
1.30192e+00 1.18829e-14      1.573     -7.474     -1.329     -0.132 --
5.12244e-01 1.73860e-15      1.644     -7.517     -1.316      0.625 --
5.31335e-03 2.14448e-20      2.529     -7.032     -2.081      0.705 --
4.71225e-01 8.00000e-17     14.147     -0.856    -11.963      1.300 --
3.88485e-01 4.49499e-15      2.000     -7.239     -1.695     -0.030 --
3.42532e+00 1.48303e-15      1.085     -7.905     -0.665      0.788 --
1.41143e+00 9.97467e-16     25.000    -13.310      6.900     23.528 --
2.75207e-01 9.99800e-16      3.422     -6.535     -2.846      0.731 --
1.47274e-01 4.40000e-18      8.497     -3.773     -7.188     -0.156 --
1.54682e+00 7.18000e-15     10.862     -2.515     -9.179     -0.495 --
2.28309e+00 1.09202e-14      9.956     -2.990     -8.422      0.047 --
4.73871e-01 8.88917e-17      2.464     -8.232     -0.177      2.484 --
1.98335e-01 1.69180e-14     10.699     -2.531     -9.009     -0.153 --
1.23489e+00 1.93200e-15      5.969     -5.084     -5.025     -0.178 --
4.34445e-01 1.21000e-17      5.123     -5.530     -4.304     -0.183 --
3.27058e-01 3.65100e-16      1.860     -7.309     -1.531     -0.339 --
8.23339e-01 1.15105e-16      7.236     -4.351     -6.063     -0.033 --
2.55498e-01 2.10467e-15      1.641     -7.404     -1.369      0.154 HE
1.84502e-01 6.24000e-16      1.531     -7.459     -1.279      0.052 --
6.57974e-01 4.00000e-15      4.824     -5.640     -4.023      0.132 --
6.17308e-01 3.62701e-16     25.000      0.559    -12.465     19.804 --
6.63330e-01 8.56641e-16      1.548     -7.445     -1.283     -0.106 --
6.21853e-03 1.14334e-19      0.709     -8.180     -0.134      0.713 --
1.14332e+00 3.35000e-16     15.567      0.355    -12.909     -0.865 --
1.84373e-03 1.05549e-20      1.233     -8.038     -0.299      1.194 HE
1.84528e-01 2.66747e-13     10.717     -2.292     -8.874     -0.038 --
6.63830e-01 5.64330e-14      1.458     -7.483     -1.208      0.016 --
3.77085e-03 6.54089e-21      1.431     -7.575     -1.009      0.737 HE
9.67846e-01 6.33000e-15     11.331     -1.938     -9.376     -0.069 --
4.77625e-02 2.27875e-15      2.632     -6.822     -2.177     -0.023 --
2.30664e+00 2.18144e-15     10.249     -2.533     -8.473     -0.035 --
4.27774e-01 3.21575e-14     11.586     -1.727     -9.540      0.162 --
4.78231e-01 2.11323e-15     25.000      5.869    -20.597     -0.070 --
5.71652e-01 4.01706e-15     11.901     -1.580     -9.812     -0.429 --
9.81902e-01 5.86000e-15     11.429     -1.796     -9.398      0.030 --
4.73028e-01 5.97832e-15     15.893      0.674    -13.080     -0.962 --
4.96243e+00 2.11288e-14     10.783     -2.150     -8.856     -0.087 --
1.05883e+00 5.25900e-16      2.187     -7.062     -1.701      0.623 --
4.64700e-01 8.63999e-15      6.462     -4.589     -5.272      0.473 --
6.19454e-01 8.78725e-15     11.977     -1.456     -9.824     -0.301 --
3.98292e-01 1.84000e-17     11.257     -1.891     -9.239     -0.510 --
4.47518e-01 1.50859e-16     25.000      2.226    -12.155     19.171 --
2.56037e-03 2.09645e-20      2.430     -6.987     -1.695      1.170 HE
4.22802e-03 1.75270e-20      1.465     -7.830     -0.468      1.333 HE
6.24226e-03 -1.74567e-20     18.050     -5.386     -1.459     17.780 --
1.25351e-02 5.26380e-20     18.050     -5.385     -1.457     17.780 --
6.06974e-03 2.26208e-20     18.050     -5.384     -1.459     17.780 --
3.97214e-03 -7.57339e-21     25.000     -4.263     -2.018     24.616 --
7.28154e-01 1.46603e-16      4.905     -5.448     -3.923      0.760 --
8.49243e-01 5.70487e-15      4.187     -5.857     -3.358      0.563 --
2.43743e+00 6.77818e-16      1.506     -7.432     -1.230     -0.008 --
8.48933e-01 8.00000e-16      1.083     -8.034     -0.217      1.054 --
2.94839e+00 1.17000e-14      8.539     -3.317     -6.930      0.268 --
3.42825e-01 5.29700e-15     25.000      6.341    -20.264      0.063 --
2.90824e-03 5.49763e-21     25.000      0.732     -8.586     21.699 --
2.64220e+00 1.25600e-14      3.765     -6.071     -3.019      0.328 RRAT
2.61271e-01 1.02393e-16     12.771     -0.810    -10.344     -0.071 --
2.84353e-01 1.52648e-15     11.849     -1.285     -9.543      0.364 --
4.21118e-01 1.50120e-15     12.173     -1.093     -9.805      0.343 --
4.58488e-01 5.25529e-19      0.890     -7.795     -0.610      0.433 --
2.79738e-01 9.24577e-15      2.217     -6.971     -1.743      0.356 --
6.70037e-01 5.66301e-16      0.960     -8.720      0.678      0.561 --
1.27906e+00 2.37000e-15     25.000      6.648    -19.992      1.402 --
5.06058e-01 2.58656e-15     12.236     -1.024     -9.837     -0.006 --
2.76421e+00 1.10800e-14     12.376     -0.963     -9.965     -0.176 --
8.44109e-01 5.58000e-15     25.000      6.696    -20.001      0.349 --
2.48380e+00 9.79000e-16     11.685     -1.327     -9.376     -0.078 --
2.89686e-02 4.80000e-20      6.395     -4.474     -5.124     -0.016 --
4.10879e-03 2.73828e-20      5.430     -4.988     -4.073      1.417 --
4.79187e-03 -5.43281e-20      5.430     -4.986     -4.071      1.418 --
6.86786e-03 9.81084e-21      5.430     -4.985     -4.070      1.416 --
4.57883e-03 -4.10928e-20      5.430     -4.990     -4.073      1.419 --
4.20772e-03 1.62779e-20      5.430     -4.988     -4.071      1.421 --
4.77994e-01 3.24631e-15      3.000     -6.476     -2.375      0.208 --
7.92674e-01 3.09033e-15     11.990     -1.130     -9.604     -0.317 --
5.43016e-01 5.32057e-15      6.694     -4.349     -5.379     -0.496 --
4.15127e-02 1.29303e-19      0.344     -8.286      0.062      0.365 --
2.67792e-03 1.80479e-21     25.000      2.792     -9.795     20.177 HE
5.29929e-01 1.87920e-14      4.000     -5.889     -3.191      0.033 --
1.96480e-01 1.52995e-15      6.208     -4.567     -4.960     -0.032 --
2.80678e-01 3.11772e-14     12.991     -0.515    -10.394     -0.316 --
5.32703e-01 3.03892e-15      1.402     -7.446     -1.021      0.467 --
1.47872e+00 6.10000e-16      8.396     -3.133     -6.345      1.908 --
1.56522e+00 3.39000e-14     11.872     -1.100     -9.439      0.121 --
6.48117e-01 5.10000e-16      8.933     -2.755     -6.846      1.506 --
6.50434e-01 5.60265e-16      0.882     -7.782     -0.546      0.486 --
3.45603e-01 5.40000e-19      1.434     -7.405     -1.036      0.453 --
1.07718e-01 2.15066e-17      2.490     -6.752     -1.944      0.185 --
4.78145e-01 3.30600e-16      5.349     -5.216     -3.015      3.191 --
1.25751e+00 3.03142e-16     25.000      7.524    -17.872      7.456 --
2.07953e-01 3.55815e-16     12.932     -0.322    -10.177     -0.156 --
9.42341e-03 2.46866e-20      5.951     -4.648     -4.694     -0.188 --
1.23900e+00 1.37911e-14     12.374     -0.618     -9.701      0.068 --
1.37055e-01 4.95897e-19      1.214     -7.523     -0.880      0.336 --
5.58179e-01 3.50000e-16      7.326     -3.823     -5.776     -0.484 --
3.78629e-01 5.05573e-15      1.400     -7.438     -1.101     -0.038 --
6.27299e-01 1.95010e-14      7.283     -3.715     -5.654      0.252 --
1.93340e-01 2.53107e-13     12.600     -0.417     -9.829     -0.006 HE
2.38942e-03 1.85800e-20     10.180     -6.791      1.339     10.005 --
1.39410e+00 1.08820e-15     25.000    -15.041     14.659     19.123 --
2.52398e-01 2.91450e-15      7.538     -3.482     -5.783      0.437 --
5.40102e-01 4.30000e-17      7.414     -3.601     -5.733      0.169 --
1.25309e+00 3.25203e-15      5.589     -4.752     -4.317      0.106 --
2.99625e-01 3.44916e-17      2.545     -6.634     -1.844      0.576 --
6.09972e-01 1.41508e-14      6.269     -4.280     -4.804      0.267 --
9.27772e-01 3.78735e-15     10.643     -1.553     -8.229     -0.174 --
2.59365e-01 5.11709e-15      5.481     -4.791     -4.210      0.072 --
2.95700e-01 7.57513e-16      3.304     -6.115     -2.405      0.625 --
6.28903e-01 1.22813e-15      9.967     -2.116     -7.747     -1.012 --
8.51064e-01 1.40074e-16     25.000     -2.752      2.842     24.238 --
2.95194e+00 1.48000e-14      5.158     -4.980     -3.947     -0.059 --
6.44305e-01 2.81191e-15      4.984     -4.950     -3.596      0.857 --
2.03867e+00 7.06552e-16      6.443     -4.046     -4.819      0.465 --
1.21339e+00 5.97829e-15      7.199     -3.574     -5.423      0.317 --
2.76603e-01 3.10000e-18      7.542     -3.419     -5.749     -0.009 --
5.07380e-01 7.24141e-16      7.316     -3.413     -5.387      0.819 --
1.66308e-01 3.61051e-13      3.100     -6.313     -2.375     -0.115 HE
1.27509e-01 6.33038e-15      5.000     -5.004     -3.759      0.115 --
3.08423e-03 7.23330e-21      0.278     -8.135     -0.107      0.223 HE
3.11816e-02 3.89000e-14      7.000     -3.748     -5.313     -0.182 HE
8.42805e-01 1.68254e-14      1.800     -7.130     -1.366     -0.044 --
5.89241e-03 1.34577e-20      0.696     -8.040     -0.016      0.672 HE
1.38018e+00 5.41300e-15      1.285     -7.416     -0.901      0.267 --
3.99170e-01 8.59144e-17      5.659     -4.594     -4.274     -0.126 --
1.30620e+00 1.19671e-15      5.396     -5.153     -4.167     -1.334 --
2.65044e+00 1.37680e-15      2.160     -7.457     -0.072      2.014 --
7.60220e-03 2.79000e-20      0.669     -7.834     -0.452      0.188 --
6.17575e-01 1.19759e-15     12.383      0.115     -9.030      1.022 --
2.43680e+00 6.81085e-16      6.785     -3.557     -4.371      2.133 --
2.88350e-01 6.13614e-16      5.586     -4.519     -4.100      0.341 --
2.13075e-01 5.47012e-14      7.292     -3.436     -5.433      0.037 --
4.92344e-01 3.15608e-15      7.860     -3.027     -5.829      0.103 --
7.01615e-01 8.84598e-15      8.205     -2.830     -6.116     -0.041 --
5.28591e-01 8.40000e-16      8.752     -2.783     -6.680     -1.214 --
5.00519e-02 3.20000e-14     13.510      0.774    -10.009     -0.024 HE
2.78729e-01 6.79788e-18      1.335     -7.491     -1.024     -0.254 --
6.24529e-02 9.60000e-20      1.131     -8.006      0.191      1.102 --
5.29158e-01 1.90078e-15      5.299     -4.713     -3.901      0.028 --
3.15258e-01 9.90331e-14      7.097     -3.522     -5.247     -0.034 --
2.85625e-01 3.33440e-13      8.469     -2.583     -6.248     -0.041 --
1.09741e-01 2.76797e-14      2.150     -6.851     -1.588     -0.005 NRAD
2.92408e-01 2.22904e-15     13.087      0.496     -9.687     -0.227 --
3.94953e-01 7.47731e-15      3.022     -6.277     -2.243     -0.070 --
4.63019e+00 6.39000e-15      5.420     -4.798     -4.090     -0.590 --
3.92479e-01 5.78020e-16     10.434     -1.450     -7.819     -0.877 --
7.94883e-01 1.20000e-16      1.423     -7.283     -0.964      0.272 --
2.95584e-01 4.28914e-15      5.080     -4.824     -3.704      0.063 --
1.09681e+00 8.84916e-16      4.122     -5.302     -2.440      1.458 --
1.67260e+00 2.71000e-16      6.140     -4.058     -4.437      0.151 --
1.10573e-01 1.69394e-13      1.885     -7.007     -1.371      0.027 NRAD
9.35772e-01 2.32184e-16      4.399     -5.164     -3.048      0.504 --
3.41171e-02 6.75108e-20      1.328     -7.363     -0.936      0.125 --
6.81799e-02 8.31670e-14      5.632     -4.420     -4.082      0.037 HE
6.38573e-03 1.23660e-20      2.084     -6.773     -1.302      0.590 --
3.33411e-01 1.45130e-15      4.704     -5.266     -3.526     -0.672 --
7.70375e-01 7.80423e-16      6.206     -3.870     -4.319      0.512 --
3.66737e-01 3.94780e-15      6.696     -3.577     -4.739      0.282 --
1.02350e+00 2.40000e-16      6.079     -4.183     -4.456     -0.364 --
3.53263e-01 2.20000e-17      1.065     -7.543     -0.747      0.084 --
7.07868e-01 7.42000e-16      7.635     -2.885     -5.373      0.357 --
5.01730e-01 4.78293e-16      6.851     -3.574     -4.958     -0.139 --
5.86486e-01 6.21200e-16      3.744     -5.501     -2.225      1.137 --
5.70293e-01 2.08658e-15      1.871     -6.949     -1.285      0.179 --
1.15843e-01 3.04999e-14      1.955     -6.911     -1.376      0.067 NRAD
7.63915e-01 4.27515e-14      7.686     -2.861     -5.430      0.136 --
4.91519e-01 4.69408e-14      3.902     -5.495     -2.705      0.231 --
7.85443e-01 2.77752e-15      1.327     -7.405     -0.972     -0.101 --
2.01195e-03 1.41100e-20      1.562     -7.128     -0.980      0.355 HE
4.11054e-03 6.42000e-21      3.552     -5.749     -2.466      0.184 --
2.03499e+00 5.92400e-15      5.280     -4.367     -3.424      0.854 --
1.95443e+00 5.63000e-15      6.221     -3.894     -4.392     -0.009 --
4.17411e-02 5.48414e-19      0.975     -8.581      0.665      0.682 --
1.07212e+00 2.96000e-17      3.212     -6.003     -2.245      0.051 --
3.06368e-01 3.02000e-15      5.297     -4.529     -3.720      0.038 --
9.63348e-01 1.03012e-15      4.808     -4.882     -3.381      0.005 --
4.72997e-01 1.54794e-15      1.062     -7.541     -0.743      0.032 --
9.34797e-03 2.44677e-20      2.817     -6.302     -1.985     -0.011 --
6.16961e-02 8.58700e-15      8.543     -2.177     -5.958      0.041 --
4.67616e-01 6.33035e-15      4.253     -5.289     -3.001     -0.088 --
2.86349e-02 1.41771e-19      0.655     -7.814     -0.436      0.078 HE
4.59607e-01 1.12083e-15      3.446     -5.883     -2.447     -0.184 --
1.17584e+00 3.60000e-16      3.882     -5.526     -2.713     -0.084 --
7.32061e-01 3.45707e-16      2.979     -6.033     -1.892      0.420 --
2.76023e+00 8.22837e-15      3.844     -5.498     -2.632      0.024 --
4.75858e+00 1.85420e-14      5.823     -4.083     -4.015     -0.042 RRAT
2.19470e-03 9.80745e-21      1.429     -7.188     -0.852      0.306 HE
4.63330e-01 8.60000e-17      4.169     -5.216     -2.805      0.065 --
3.86643e-01 5.07021e-14      4.504     -4.948     -3.009      0.047 --
1.54992e-01 1.45221e-15      6.148     -3.783     -4.169     -0.113 --
5.79230e-03 1.16555e-20      1.269     -7.728      0.246      1.133 --
1.79487e-01 2.74433e-15      2.800     -6.302     -1.949     -0.196 --
4.52488e-02 8.16933e-19      2.988     -6.070     -1.989      0.040 --
7.98720e-03 2.43045e-20      0.769     -7.679     -0.347      0.320 HE
2.63377e-01 9.89457e-17      0.430     -8.005     -0.307     -0.038 --
1.74831e+00 5.29720e-15      0.994     -7.520     -0.606      0.141 --
1.49864e+00 3.66000e-15      3.738     -5.498     -2.474      0.016 --
3.90739e-01 1.23060e-14      6.366     -3.529     -4.215      0.007 --
1.03151e-01 2.52704e-14      1.840     -6.936     -1.233     -0.035 NRAD
4.64037e-01 2.39000e-16      2.120     -6.880     -0.084      1.599 --
7.82949e-01 1.70000e-16      4.938     -4.509     -3.161      0.171 --
1.75251e+00 1.71992e-16     25.000     -5.747     13.153     21.133 --
5.35506e-01 1.82802e-15      3.955     -5.263     -2.531      0.121 --
6.68105e-01 3.64000e-14      7.092     -2.916     -4.616      0.026 --
8.42104e-01 1.35580e-15      5.226     -4.426     -3.499     -0.212 --
2.67444e-02 3.14502e-19      7.866     -2.816     -5.526     -1.095 --
3.31400e+00 1.40000e-16      0.244     -8.190      0.061      0.236 --
4.12985e-01 5.52900e-15      3.548     -5.557     -2.247      0.133 --
1.67237e+00 1.42800e-15     11.275      0.377     -7.196      0.258 --
8.40739e-01 6.37000e-15      1.384     -7.198     -0.828      0.157 --
2.86759e-01 1.58435e-15      1.416     -7.135     -0.746      0.329 --
8.97254e-01 2.60300e-16      5.893     -3.778     -3.779      0.039 --
3.55656e-01 1.15199e-15      4.819     -4.872     -3.329     -0.596 --
7.39682e-01 4.99821e-15      2.100     -8.324      1.284      1.688 --
8.89249e-02 9.16633e-15      3.371     -5.719     -2.168     -0.018 HE
3.39038e-01 2.12100e-15     11.090      0.093     -7.239     -0.351 --
9.43871e-01 6.10000e-16      4.128     -4.885     -2.167      0.855 --
2.00384e-01 4.84624e-16      2.419     -6.381     -1.467      0.155 --
3.01511e-01 3.44000e-16      5.122     -4.360     -3.272     -0.031 --
2.04053e+00 1.95756e-15      5.115     -4.247     -3.111      0.274 --
1.28699e-01 6.85270e-15      6.835     -3.005     -4.322     -0.003 --
2.11907e-03 2.16100e-20      1.950     -6.676     -0.628      0.906 HE
9.73478e-01 2.75333e-14      5.897     -3.711     -3.703      0.023 --
1.51582e-01 1.52869e-12      4.400     -4.915     -2.809     -0.073 HE
1.04612e+00 8.52840e-15      3.757     -5.425     -2.415     -0.094 RRAT
1.95874e+00 1.37100e-15      7.927     -2.255     -5.118     -0.282 --
4.54840e-01 9.26102e-16      1.195     -7.319     -0.664      0.187 --
3.58934e-03 1.86461e-20      0.908     -7.559     -0.514      0.132 HE
2.96279e-01 1.60000e-18      0.850     -7.618     -0.505      0.081 --
1.48797e-01 2.87860e-15      3.906     -5.297     -2.495     -0.084 --
2.86648e-01 6.09372e-15      6.069     -3.558     -3.787      0.041 --
6.50837e-01 2.15480e-16      4.478     -4.541     -2.270      0.905 --
8.86613e-01 2.09876e-15      7.674     -1.915     -4.081      1.235 --
5.55359e-03 4.12986e-20      8.000     -2.817      0.370      5.841 --
7.94694e-03 -3.30800e-21      8.000     -2.818      0.369      5.842 --
2.48393e-03 2.60792e-20      8.000     -2.817      0.368      5.841 --
2.98798e-03 2.21792e-20      8.000     -2.818      0.368      5.842 --
3.18230e-03 1.79390e-20      8.000     -2.816      0.368      5.840 --
2.65419e-03 2.21205e-20      8.000     -2.817      0.369      5.841 --
2.75019e-03 1.24723e-20      7.565     -3.117      0.348      5.526 --
4.09350e-02 2.71900e-20      0.806     -8.223      0.465      0.682 --
7.94997e-01 4.18000e-16      2.679     -6.280     -0.171      1.778 --
4.99196e-01 2.36732e-16     12.418      2.252     -5.755      3.147 --
2.14925e-01 4.06000e-17      3.768     -5.278     -2.245      0.193 --
5.18758e-01 4.27292e-15      6.799     -2.957     -4.204     -0.019 --
2.15431e+00 8.37243e-15      5.047     -4.448     -3.247     -0.269 --
1.25405e+00 6.00232e-15     12.342      0.941     -8.109     -1.056 --
1.38960e+00 3.30000e-15      2.000     -6.698     -1.197      0.071 --
3.95355e-01 2.05679e-15      3.880     -5.259     -2.408     -0.065 --
1.50483e+00 9.53366e-16      7.997     -1.406     -2.991      2.762 --
7.82440e-02 3.89743e-14      3.377     -5.603     -2.032      0.039 --
1.11617e+00 3.56357e-13      7.435     -2.396     -4.519     -0.016 --
9.61043e-01 1.26016e-13      7.546     -2.363     -4.654     -0.150 --
1.01169e+00 1.61740e-14      4.880     -4.341     -2.849      0.191 --
3.55156e-01 8.96000e-18      3.132     -5.777     -1.856      0.082 --
1.13599e-02 1.31370e-19      3.139     -5.779     -1.870      0.065 --
2.80349e-01 1.16000e-16      5.078     -4.229     -3.036      0.064 --
2.48914e-03 3.54650e-21      1.321     -7.160     -0.409      0.554 NRAD
3.01888e-01 1.23000e-16      4.796     -4.463     -2.877      0.022 --
2.41761e+00 1.90612e-14      1.691     -6.836     -0.744      0.432 --
1.04872e+00 1.12686e-14      5.381     -3.967     -3.190      0.068 --
6.08222e-02 2.48503e-19      0.774     -7.626     -0.273      0.292 --
5.26556e-01 3.99784e-16      5.423     -3.620     -2.475      1.201 --
3.46730e+00 7.75000e-15      4.471     -4.692     -2.641      0.060 --
8.48628e-03 2.70064e-20      4.301     -4.561     -1.831      1.108 --
8.91265e-01 8.10000e-16      6.240     -3.191     -3.576      0.229 --
8.22249e-01 4.10000e-15      3.321     -5.624     -1.967      0.028 --
2.78960e-01 4.67990e-15      1.113     -7.385     -0.633      0.070 --
9.10320e-01 8.26461e-16     11.509      0.399     -7.431     -1.225 --
3.56849e-01 9.60155e-17      9.528     -0.014     -4.192      2.162 --
8.42109e-02 1.37618e-14      2.847     -6.000     -1.678      0.021 HE
1.12484e+00 7.79562e-16      1.490     -7.668      0.595      1.238 --
4.43825e-01 6.50000e-17      3.825     -5.139     -2.149      0.179 --
1.22143e+00 1.83054e-16      9.680      0.074     -4.608      1.558 --
1.36888e+00 1.42880e-15      0.816     -7.626     -0.459      0.052 --
2.89690e-01 1.55278e-15      3.745     -5.216     -2.122      0.114 --
4.32869e-01 4.07354e-15      2.770     -5.879     -1.223      0.587 --
4.68402e-01 4.05000e-17      5.818     -3.254     -2.744      0.953 --
5.66734e-01 1.43380e-14      3.946     -5.060     -2.252      0.069 --
3.07179e-01 2.71511e-15      2.977     -5.931     -1.798     -0.106 --
1.31976e+00 7.90134e-16      7.512     -1.663     -2.875      2.056 --
3.07991e-03 2.11895e-20      0.978     -7.471     -0.514      0.106 HE
8.81438e-01 1.91126e-15      3.306     -5.580     -1.878      0.075 --
5.57841e-01 1.36600e-15      8.135     -1.836     -4.922     -0.382 --
3.79044e-02 2.42249e-18      0.935     -7.713      0.211      0.723 --
3.01312e-01 1.94152e-15      2.055     -6.551     -1.063      0.207 --
1.52812e+00 4.17200e-15      2.745     -5.998     -1.489      0.165 --
6.92710e-03 1.58600e-20      3.056     -5.757     -1.692      0.122 --
4.30464e-01 2.77949e-15      8.465     -1.429     -4.941     -0.135 --
3.44938e+00 6.88909e-15      1.313     -7.659      0.486      1.065 RRAT
2.76726e-01 1.42434e-15      3.179     -5.676     -1.794      0.056 --
3.95731e-01 4.10000e-17      5.940     -3.421     -3.388      0.025 --
1.04676e-01 3.20705e-15      5.978     -3.409     -3.436     -0.020 --
1.90849e+00 7.31180e-15      3.313     -5.600     -1.919     -0.022 --
8.43980e-01 7.12000e-15      7.042     -2.577     -4.101     -0.099 --
3.41216e-01 4.53348e-15      3.417     -5.542     -2.014     -0.078 --
5.06568e-01 4.20000e-17      2.519     -6.272     -1.492     -0.061 --
1.27284e+00 1.26700e-15      3.465     -5.329     -1.754      0.352 --
1.00496e+00 7.28000e-16      4.912     -4.264     -2.799      0.020 --
2.43395e-01 4.84784e-15      3.537     -5.417     -2.048     -0.032 --
1.63085e+00 2.01600e-16      7.094     -2.864     -4.485     -0.780 --
6.12916e-01 4.20746e-16      6.349     -3.160     -3.720     -0.199 --
2.77701e-01 2.09760e-16      2.033     -7.977      1.228      1.615 RRAT
2.95838e-01 7.50200e-14      5.161     -4.051     -2.929     -0.017 --
5.99249e-01 4.04123e-15      2.700     -6.000     -1.405      0.188 --
1.78386e+00 5.88702e-16      4.061     -4.863     -2.155      0.216 --
1.20762e+00 7.77545e-14      5.370     -3.794     -2.918      0.160 --
7.48449e-01 4.32484e-16      5.900     -4.368      1.259      4.242 --
7.09065e-01 8.79541e-16      3.000     -5.886      0.024      1.808 --
6.44255e-01 1.01320e-14      5.809     -3.334     -2.992      0.388 --
2.05696e-03 1.61649e-21      1.149     -7.327     -0.610      0.074 HE
3.77138e-01 5.20978e-14      4.658     -4.437     -2.603      0.011 --
2.15929e-03 2.79658e-21      2.981     -7.934      1.876      2.315 HE
4.84130e-01 1.13663e-15      2.633     -6.161     -0.003      1.562 --
1.78554e-01 6.02531e-17      0.933     -7.515     -0.504      0.046 --
3.57529e-03 5.24544e-20      2.222     -6.354     -1.039      0.291 --
5.80848e-01 1.17900e-14      5.327     -3.810     -2.864      0.133 --
7.79673e-03 1.61000e-20      4.026     -5.068     -2.385     -0.248 --
1.57692e+00 2.94000e-15      3.757     -5.164     -0.092      2.094 --
4.29115e-03 7.45000e-21      2.695     -6.092     -1.542     -0.077 --
6.47198e-01 2.55508e-17      3.464     -5.478     -2.001     -0.139 --
2.42191e-01 5.91174e-16      5.733     -3.661     -3.351     -0.312 --
1.45655e-01 1.14987e-19      3.433     -5.317     -1.677      0.302 --
6.02741e-01 4.05384e-15      3.510     -5.268     -1.753      0.256 --
1.70942e-01 1.07334e-14      5.699     -3.585     -3.198     -0.123 --
1.26247e+00 8.54100e-16      3.035     -6.658      1.128      2.317 --
2.88355e-01 1.41078e-14      1.316     -7.158     -0.646      0.122 --
4.97772e-01 4.70000e-17      2.858     -5.956     -1.630     -0.101 --
7.49671e-01 1.77528e-14      5.644     -3.507     -2.978      0.129 --
1.42112e+00 9.35000e-16      6.933     -2.435     -3.696      0.097 --
2.06983e+00 2.31800e-11      4.000     -4.936     -2.165      0.007 AXP
7.09376e-03 2.05000e-20      1.322     -7.212      0.028      0.777 
6.74060e-01 1.83560e-16      2.227     -6.321     -0.981      0.309 --
4.53448e-01 1.94834e-13      5.878     -3.313     -3.112      0.079 --
1.98839e-01 2.27732e-17      3.958     -5.189     -2.406     -0.421 --
2.42789e-03 2.79760e-21      2.636     -8.156      1.785      1.961 HE
6.28431e-03 1.90000e-20      3.055     -5.649     -1.509      0.198 --
1.08135e+00 1.57154e-14      3.786     -5.119     -2.051     -0.043 --
1.25230e-01 2.29442e-15      3.079     -5.661     -1.585      0.083 RRAT
3.41804e+00 3.12000e-14      6.396     -2.932     -3.475     -0.122 --
9.75410e-01 2.05400e-15      1.548     -7.032      0.088      0.910 --
5.32578e-01 6.93703e-16      3.780     -4.874     -0.700      1.462 --
1.78750e-03 4.45310e-20      7.559     -1.385     -1.918      2.403 HE
5.18110e-01 6.22319e-17      5.299     -3.451     -1.509      1.539 --
9.94681e-01 1.04200e-14      5.020     -4.038     -2.651     -0.025 --
3.29187e-01 3.30392e-16      8.614     -0.547     -3.569      1.194 --
4.08155e-01 7.54000e-17      6.484     -2.710     -3.284      0.137 --
5.94575e-01 6.04165e-15      7.431     -1.992     -3.926     -0.106 --
1.12234e+00 1.86406e-13      3.325     -5.558     -1.869     -0.191 --
2.57057e-01 1.02112e-15      2.300     -6.235     -0.983      0.275 --
9.57267e-01 1.99152e-14      4.133     -4.827     -2.235     -0.130 --
3.59793e-03 9.50014e-21      1.389     -7.018     -0.365      0.416 HE
1.92606e-01 5.06195e-15      6.900     -2.285     -3.376      0.204 --
1.94456e-01 2.12914e-15      4.182     -4.842     -2.335     -0.254 --
1.24767e+00 8.87302e-16      5.657     -3.681     -3.229     -0.461 --
2.55936e+00 7.20534e-16      4.088     -4.780     -2.078      0.020 --
2.88479e-01 6.23473e-14      3.576     -5.237     -1.845     -0.022 --
3.11578e-03 4.77443e-21      2.383     -6.245      0.025      1.234 --
8.19990e-01 1.59400e-14      6.030     -3.010     -2.887      0.228 --
8.64297e-01 6.94199e-14      8.000     -1.325     -3.916      0.184 --
2.83071e-01 1.59382e-15      3.412     -5.155     -0.646      1.183 --
7.78316e-01 3.00941e-15      2.285     -6.188     -0.482      0.755 --
1.41909e-01 1.24469e-16      4.204     -4.412     -1.321      0.926 --
8.39221e-01 4.96000e-14      3.113     -5.621     -1.584     -0.011 --
4.96080e-01 2.78176e-15      6.735     -2.670     -3.673     -0.380 --
1.48420e-02 1.56292e-20      3.700     -5.699     -2.460     -0.908 --
1.67587e+00 9.26818e-16      3.085     -5.828      0.426      1.823 --
8.83890e-01 2.64848e-17      2.902     -5.605     -0.766      0.785 --
5.27466e-01 4.96067e-15      1.307     -7.134     -0.584      0.110 --
3.27419e-01 1.01875e-15      3.224     -5.451     -1.505      0.155 --
3.41403e-01 8.40000e-17      1.595     -7.178     -1.059     -0.377 --
1.01361e+00 4.74660e-15      5.087     -3.886     -2.528      0.015 --
6.58013e-01 2.55931e-16      0.921     -7.505     -0.464      0.017 --
4.21816e-01 3.06093e-16      1.050     -7.458      0.159      0.633 --
3.42723e-01 2.53711e-15      5.117     -3.830     -2.490      0.031 --
2.98116e-01 2.49000e-17      3.444     -5.627     -2.094     -0.549 --
1.55792e+00 5.09000e-16      1.791     -6.660     -0.170      0.727 --
2.49609e-01 4.99830e-16      3.744     -4.921     -1.593      0.276 --
1.27940e+00 1.29640e-14      6.477     -2.643     -3.153     -0.012 --
1.01839e+00 2.29837e-16      3.244     -5.404     -0.029      1.488 --
4.81119e-01 1.36246e-14      5.614     -3.331     -2.611      0.114 --
7.86468e-01 2.61500e-15      5.353     -3.655     -2.659     -0.087 --
2.59373e+00 4.08354e-15      2.094     -6.596      0.321      1.200 --
1.29685e+00 1.95000e-15      4.909     -3.905     -2.179      0.220 --
6.66438e-01 5.31147e-16      7.225     -1.887     -3.325      0.150 --
1.82495e-01 5.17043e-15      2.948     -5.724     -1.433     -0.006 --
3.54550e-01 2.01129e-18      2.479     -6.244     -1.363     -0.213 --
4.26646e-01 3.72700e-17      1.740     -7.273      0.730      1.227 --
9.23834e-01 1.57360e-15      2.770     -5.717     -0.408      0.941 --
1.36828e+00 3.40000e-17      3.994     -4.764     -1.857      0.062 --
4.83311e-01 3.78400e-15      6.690     -2.426     -3.202     -0.014 --
6.15521e-01 9.33787e-16      5.526     -3.684     -2.998     -0.465 --
3.82377e-01 6.33819e-16      3.503     -5.140     -1.502      0.190 --
4.57516e-01 1.92183e-14      4.724     -4.161     -2.276     -0.051 --
6.55221e-01 6.62861e-15      7.421     -1.813     -3.601     -0.135 --
1.20680e+00 2.35958e-15      1.663     -7.073      0.461      1.051 --
3.15081e-03 9.62423e-21      0.700     -7.648     -0.084      0.266 HE
3.35036e-02 5.15223e-20      3.229     -5.287     -0.427      1.108 --
4.64106e-01 9.20000e-16      5.637     -3.042     -1.848      0.871 --
4.07292e-01 1.58769e-16     10.551      1.518     -3.571      1.501 --
2.31694e-01 4.94943e-13      5.148     -3.746     -2.400      0.028 HE
1.53401e+00 7.44000e-15      6.127     -2.910     -2.912     -0.052 --
5.72592e-01 2.90000e-17      5.829     -3.255     -2.909     -0.218 --
2.47757e+00 1.58437e-15      1.717     -6.680     -0.362      0.468 --
5.58258e-01 1.46100e-15      3.911     -4.818     -1.781      0.060 --
3.60958e-01 3.37700e-16      6.883     -2.373     -3.481     -0.325 --
7.91528e-01 1.99832e-15      3.192     -5.568     -1.639     -0.175 --
4.91384e-01 4.65920e-14      3.480     -5.204     -1.589      0.034 --
1.21959e+00 1.90835e-14      6.843     -2.246     -3.189     -0.033 --
1.02583e+00 2.89075e-14      6.005     -3.023     -2.863     -0.099 --
8.94924e-01 3.01855e-16     25.000      9.260      8.311     15.761 --
3.42848e+00 1.81520e-14      7.384     -1.463     -2.689      0.767 --
5.67080e-01 1.64665e-14     11.075      1.792     -4.526      0.601 --
6.93568e-02 1.35100e-13      4.743     -4.093     -2.190     -0.009 HE
1.19873e-02 5.37953e-20      5.515     -3.141     -1.803      0.767 --
5.93137e-03 3.10000e-21      3.045     -5.525     -1.246      0.166 HE
4.07109e-01 4.06057e-15      3.088     -5.502     -1.302      0.136 --
1.88380e+00 1.22785e-15      2.611     -7.474      1.636      1.887 --
1.15636e+00 6.73933e-17      1.978     -6.582     -0.974     -0.080 --
1.08403e+00 1.30242e-14      3.938     -4.789     -1.783     -0.018 --
3.71925e-01 7.59891e-16      6.442     -2.631     -3.050     -0.221 --
3.84543e-03 1.14306e-20      1.142     -7.333      0.183      0.606 HE
7.31463e-01 2.57000e-15     12.020      3.035     -3.611      1.750 --
9.16939e-01 1.56427e-15      9.742      0.730     -3.587      0.735 --
4.57681e-01 5.05143e-15      5.039     -3.635     -1.873      0.381 --
2.65072e-01 3.14007e-16      5.338     -3.457     -2.244      0.120 --
7.35092e-01 1.10000e-16      4.244     -4.468     -1.825      0.069 --
1.07297e+00 1.70847e-14      5.412     -3.439     -2.380      0.010 --
4.32702e+00 2.77607e-12      5.571     -3.299     -2.455      0.001 AXP
2.36234e-02 5.88203e-20      4.045     -5.181     -2.441     -0.794 --
5.03015e-01 1.95560e-15      4.644     -4.190      0.415      2.148 RRAT
1.27645e+00 2.58072e-15      1.670     -6.818      0.137      0.785 --
1.10758e-02 6.70931e-19      1.851     -6.541     -0.279      0.530 --
3.64591e-01 1.00525e-15     21.550     11.744     -7.736      1.697 --
7.25762e-01 4.19617e-14      3.343     -5.295     -1.465      0.005 --
2.40987e-03 9.05852e-21      1.291     -7.347     -0.812     -0.288 
6.51801e-01 3.31000e-16      3.187     -8.260      2.376      2.151 --
3.95763e-01 2.54521e-16      9.144    -12.273      6.927      4.481 --
2.33165e-01 7.99377e-16      3.369     -5.181     -1.256      0.233 --
8.71243e-01 6.07251e-17      4.779     -3.916     -1.895      0.202 --
4.48723e-01 4.14800e-15      5.633     -3.160     -2.302      0.147 --
2.83361e-03 2.13252e-20      0.951     -7.514      0.194      0.526 HE
2.35528e+00 4.43000e-16      5.612     -3.033     -1.853      0.590 --
4.60339e-01 1.67623e-14      5.250     -3.554     -2.244      0.025 --
3.55856e-01 6.64700e-15      5.296     -3.517     -2.273      0.015 --
3.70147e-01 8.29425e-15      4.970     -3.717     -1.913      0.217 --
2.93928e-01 1.74757e-14      7.459     -1.511     -3.090      0.088 --
4.50868e-01 7.66400e-16      3.815     -5.352     -2.287     -0.769 --
4.90857e-01 3.93000e-16      4.326     -5.353      1.699      2.700 --
1.40746e-01 1.73055e-15      6.407     -2.432     -2.569      0.148 --
6.12331e-01 3.64100e-15      4.880     -3.872     -2.052      0.025 --
3.52465e-01 7.35922e-16      5.015     -3.970     -2.493     -0.403 --
3.54234e-01 7.83006e-18      3.391     -5.471     -1.815     -0.421 --
1.81178e-01 1.93776e-17      0.537     -8.161      0.364      0.397 --
3.21157e-03 1.19541e-20      1.227     -7.126     -0.262      0.267 HE
8.65971e-01 1.24484e-15      6.888     -2.019     -2.827      0.062 --
4.13754e+00 1.75300e-14      6.725     -2.181     -2.790      0.028 --
2.98819e+00 7.00000e-15      4.232     -4.266     -1.135      0.617 --
5.26365e-01 4.44274e-16      5.555     -3.028     -1.622      0.687 --
6.00060e-03 1.00000e-20      1.111     -7.470     -0.688     -0.243 --
3.22916e-03 2.25546e-20      1.567     -7.688      0.969      1.095 --
3.31811e-03 1.06898e-20      1.182     -7.870      0.748      0.835 HE
1.91242e+00 1.57047e-15      5.297     -3.226     -0.683      1.387 --
5.59081e-01 1.42305e-14      5.435     -3.316     -2.167      0.085 --
5.75971e-01 2.22870e-14      5.044     -3.678     -2.019      0.061 --
3.10186e-01 4.02825e-17      3.909     -5.550      1.514      2.357 --
6.77684e-01 1.09600e-15      0.839     -7.517      0.008      0.328 --
5.51241e-01 8.81214e-18     10.801      1.861     -3.578      0.810 --
1.18719e-01 5.55964e-14      6.793     -2.061     -2.687      0.068 --
7.17637e-01 6.60000e-17     10.285      1.013      0.963      4.284 --
1.04681e+00 1.48811e-14     11.496      2.379     -4.240      0.394 --
1.70921e+00 7.59264e-14     10.071      1.005     -3.849      0.190 --
2.28569e-01 1.50699e-14      4.836     -3.872     -1.944      0.019 --
8.13672e-01 6.49304e-13      5.308     -3.448     -2.152     -0.008 --
9.35557e-01 1.07000e-15      2.354     -6.065     -0.092      0.760 --
4.36507e-01 6.20260e-15     14.814      5.498     -5.372      0.495 --
7.10830e-01 7.68930e-14      6.171     -2.650     -2.481     -0.003 --
3.52145e-01 3.78808e-15      6.011     -2.868     -2.568     -0.155 --
2.01526e+00 8.01000e-15     18.861      9.454     -6.271      1.134 --
5.07356e-01 1.57450e-15      7.212     -1.815     -3.140     -0.282 --
2.24201e-01 4.15993e-17      5.446     -3.608     -2.700     -0.564 --
1.20869e+00 8.63000e-16     25.000      6.037     12.861     15.966 --
4.90507e-01 1.19317e-16      2.433     -6.929      1.273      1.583 --
1.17939e+00 2.32000e-16      1.445     -6.951      0.048      0.542 --
1.59475e+00 3.60000e-15      7.735     -1.094     -2.805      0.203 --
6.71964e-01 8.79000e-15      7.358     -1.613     -3.063     -0.196 --
5.29123e-01 1.36270e-15      7.160     -2.312     -3.781     -1.028 --
5.10454e-01 4.05800e-15      7.839     -0.744     -0.911      1.904 --
2.06649e-01 4.67150e-14     12.459      3.341     -4.426      0.380 --
1.20464e+00 2.07100e-14      4.759     -3.929     -1.882     -0.030 --
4.30367e-01 1.50600e-15     10.229      1.014     -4.217     -0.282 --
7.71367e-01 3.62000e-15     25.000     15.204     -8.469      0.954 --
2.52870e-01 5.73501e-16     11.382      2.341     -4.031      0.285 --
1.18774e-01 3.18894e-15      3.446     -5.094     -1.264      0.062 --
1.54066e-01 5.94356e-14      4.413     -4.214     -1.668      0.038 --
1.16574e+00 4.44000e-15      4.416     -4.226     -1.704      0.005 --
8.37365e-01 5.83400e-15      7.355     -1.545     -2.908     -0.102 --
7.67720e-01 1.83000e-16     25.000     -0.018     16.701     16.685 --
6.98261e-01 7.71040e-17     19.452     10.335     -5.249      1.920 --
7.71130e-01 5.90000e-16     14.679      5.694     -4.276      1.195 --
5.10929e-01 1.00880e-14     22.193     12.661     -7.214      1.091 --
1.12194e+00 2.50000e-17      4.741     -3.842     -1.606      0.185 --
1.17803e-01 1.60554e-15     12.026      2.980     -4.157      0.353 --
2.78155e-01 5.14818e-14      4.571     -4.052     -1.687      0.057 --
6.57400e-02 4.40700e-14      7.538     -1.336     -2.886     -0.015 HE
7.63933e-01 4.78547e-15      4.742     -3.923     -1.825     -0.012 --
3.40504e-01 2.64571e-15      4.155     -4.584     -1.837     -0.256 --
1.43069e+00 2.42229e-15      6.275     -2.527      0.601      2.412 --
5.87559e-01 1.50000e-17      4.892     -3.704     -1.670      0.172 --
5.29121e-01 5.76933e-15      3.780     -4.783     -1.385      0.046 --
3.16332e-03 2.81727e-21      1.370     -7.486      0.706      0.873 HE
2.06443e-01 9.75969e-13     12.750      3.548     -4.710     -0.015 NRAD
1.78352e-01 8.06100e-16      4.469     -4.153     -1.666     -0.003 --
5.17445e-01 4.21078e-14      4.905     -3.762     -1.860     -0.025 --
7.39099e-01 3.34000e-16      9.675      0.519     -3.959     -0.376 --
1.03775e-02 -7.26926e-20      7.500     -5.365      4.858      4.929 --
3.52807e-03 -1.49367e-22      7.500     -5.362      4.857      4.929 --
3.72208e-03 1.23300e-21      7.500     -5.364      4.858      4.929 --
3.11829e-03 -2.35314e-20      7.500     -5.365      4.859      4.929 --
2.48698e-03 1.74419e-20      7.500     -5.365      4.859      4.929 --
3.00350e-03 1.39826e-20      7.420     -5.398      4.808      4.876 --
2.02118e-03 9.78806e-21      4.600     -9.873      3.577      2.454 HE
1.09101e+00 4.11000e-17      0.922     -7.410     -0.065      0.258 --
1.09905e+00 7.78000e-16      4.641     -5.016      1.988      2.636 --
4.62164e-03 1.84630e-20      0.740     -7.613      0.068      0.293 --
2.37390e-01 3.18249e-14      4.738     -3.856     -1.642      0.058 --
1.34790e+00 8.28300e-15      4.615     -3.977     -1.617      0.046 --
7.17528e-01 2.99965e-14      4.377     -4.211     -1.560      0.022 --
4.55078e-01 2.00892e-14      4.500     -4.094     -1.598     -0.002 --
1.25962e-01 7.50000e-16      6.747     -2.026     -2.480     -0.089 --
4.10861e-01 8.13000e-17      3.915     -5.372      1.535      2.124 --
3.87692e-01 1.78045e-15      4.000     -4.809      0.876      1.773 --
4.81774e+00 1.00270e-14      2.616     -5.791      0.015      0.769 --
5.85311e-03 8.30709e-21      0.965     -7.368     -0.028      0.276 --
8.40680e-01 1.10000e-16     16.162      7.033     -5.099      0.365 --
2.31603e-01 1.12753e-13      6.224     -2.412     -2.015      0.113 --
4.31784e-01 2.77791e-16      6.029     -2.650     -2.102     -0.024 --
5.30075e-01 2.09892e-15     10.974      1.642     -4.579     -0.757 --
1.78561e+00 1.70166e-15      1.217     -7.376     -0.727     -0.287 --
1.59980e+00 7.83930e-15      2.061     -8.502      1.632      1.269 --
1.59980e+00 7.84743e-15      2.061     -8.502      1.632      1.269 --
2.12316e-01 1.29000e-16     16.873      8.068     -3.752      1.671 RRAT
7.19458e-01 3.52126e-15      6.730     -1.738     -1.205      0.913 --
6.29632e-01 1.85400e-15      5.518     -3.103     -1.856      0.011 --
1.64966e-01 2.37365e-14      4.467     -4.118     -1.569     -0.048 HE
5.83765e-01 4.33372e-16      5.567     -3.645     -2.886     -0.968 --
1.01526e+00 5.59400e-16     25.000      5.687     14.257     15.064 --
2.62026e-01 3.57225e-17      8.900      0.308     -2.175      0.650 --
7.70910e-01 3.91000e-17     13.459      4.655     -3.573      0.769 --
8.70712e-01 4.66255e-17      4.398     -4.133     -1.406      0.059 --
5.57036e-01 4.95887e-14      4.964     -3.667     -1.777     -0.108 --
2.97692e-01 6.54995e-15     14.322      5.021     -5.238     -0.456 --
6.13571e-01 1.69800e-15     11.603      1.868     -5.391     -1.450 --
1.74955e+00 3.20275e-15      1.046     -7.301      0.050      0.334 --
3.08918e-01 2.00022e-17      4.868     -3.640     -1.399      0.181 --
3.09398e-01 1.66900e-17      5.341     -3.231     -1.684      0.056 --
3.80870e-01 1.60612e-14      3.918     -4.606     -1.304     -0.009 --
1.56400e-01 1.81845e-15      5.288     -3.432     -2.042     -0.276 --
9.73396e-01 3.03757e-15      0.839     -7.497      0.039      0.268 --
8.44081e-01 4.83484e-15      5.200     -3.342     -1.567      0.095 --
5.17443e-01 8.19000e-15      5.061     -3.530     -1.689     -0.052 --
6.35058e-01 1.81068e-15      6.220     -2.687     -2.617     -0.552 --
8.90537e-01 2.11563e-15      5.808     -3.080     -2.481     -0.548 --
1.75531e+00 1.36001e-15      3.358     -6.066     -2.226     -1.126 --
9.15803e-01 6.53700e-16     25.000      5.271     14.706     15.012 --
3.05447e-01 1.73254e-17      0.513     -7.815      0.047      0.189 --
1.70374e+00 3.15876e-15      3.368     -5.012     -0.154      0.743 --
7.70718e+00 9.50000e-15      5.108     -3.454     -1.615      0.003 RRAT
1.96768e-03 2.40200e-21      0.840     -7.569      0.218      0.379 NRAD
4.12915e-03 1.11700e-20      2.631     -5.748     -0.001      0.667 --
3.05040e-01 2.78943e-15      5.379     -3.091     -1.310      0.317 --
1.01937e+00 4.36430e-16     17.188      8.247     -4.613      0.605 --
4.98978e-01 5.41000e-17     14.022      5.170     -3.876      0.413 --
6.12558e-01 4.81417e-15      4.475     -4.029     -1.335      0.062 --
4.19280e-01 1.50000e-17      4.004     -4.486     -1.219      0.041 --
3.05951e+00 3.45000e-15     15.189      5.751     -5.697     -0.881 --
7.91822e-01 1.67592e-16      4.939     -3.456     -0.426      0.892 --
9.39165e-01 7.34732e-16     19.007     10.190     -4.218      1.299 --
1.27395e+00 1.30000e-16      4.645     -3.844     -1.311      0.114 --
1.10155e+00 5.11500e-14     10.612      1.835     -3.145      0.099 --
5.42936e-01 3.66145e-17     10.704      2.211     -1.431      1.460 --
1.19344e+00 2.00000e-15     19.040     10.157     -4.585      0.932 --
7.76155e-01 8.44000e-16     25.000     -8.925     19.917     15.125 --
7.30134e-01 1.28588e-15     10.634      2.076     -2.203      0.780 --
1.57028e+00 1.73400e-15      2.353     -7.228      1.543      1.444 --
6.09613e-01 8.32855e-15      4.558     -3.972     -1.428     -0.067 --
3.30280e-02 1.15739e-19      0.223     -8.210      0.152      0.163 --
1.16645e+00 4.27900e-14      5.254     -3.277     -1.542     -0.009 --
4.16876e-01 3.85241e-15      6.045     -2.730     -2.296     -0.471 --
2.43930e-03 1.11542e-20      0.769     -7.608     -0.325     -0.064 HE
6.40958e-01 6.17700e-16      0.484     -7.842      0.060      0.172 --
4.74381e-01 1.71000e-16      4.986     -3.532     -1.458     -0.036 --
3.53293e-01 2.74720e-17     12.712      3.777     -3.952     -0.314 --
8.17312e-01 7.52032e-16      0.217     -8.098      0.037      0.098 --
1.35831e+00 4.71285e-15      7.348     -1.072     -1.137      0.706 --
1.49409e+00 4.32398e-15      9.288      0.791     -1.820      0.592 --
5.60504e-01 5.02663e-18     11.632      2.990     -2.781      0.361 --
2.83792e-01 9.90615e-17      6.704     -1.811     -1.679      0.150 --
7.55535e-01 4.00000e-17      6.366     -2.240     -1.942     -0.144 --
5.78363e-01 1.07800e-15     15.416      5.945     -5.755     -1.239 --
5.24157e-03 -1.31701e-19      6.410     -1.980     -0.711      0.823 --
3.59385e-03 -3.49619e-19      6.410     -1.980     -0.712      0.823 --
7.61285e-03 -6.33256e-20      6.410     -1.979     -0.712      0.823 --
3.41777e-03 1.35639e-19      6.410     -1.979     -0.711      0.823 --
3.23374e-03 3.07442e-19      6.410     -1.979     -0.711      0.823 --
2.29473e-03 2.20770e-19      6.410     -1.979     -0.712      0.823 --
4.60810e-03 -1.14565e-19      6.410     -1.979     -0.711      0.823 --
3.70476e-03 3.78817e-20      4.851     -3.517     -0.538      0.629 --
3.29562e-03 -3.37253e-19      4.719     -3.647     -0.524      0.613 --
2.91341e-01 5.59600e-17      5.251     -3.124     -0.679      0.594 --
2.45462e+00 1.11231e-14     12.949      4.341     -2.743      0.626 --
3.22909e-01 5.18797e-16     19.597     10.253     -6.259     -0.778 --
8.04304e-01 1.10000e-16     10.824      1.685     -4.069     -0.919 --
3.90328e-01 3.78000e-16     15.193      6.451     -3.622      0.351 --
1.82136e-01 5.23448e-14      3.967     -4.473     -1.044      0.023 HE
2.27565e-01 1.13929e-17      4.715     -3.766     -1.293     -0.015 --
2.15508e-01 9.77979e-15      5.046     -3.465     -1.441     -0.060 --
2.40524e-01 2.23776e-13      4.327     -4.155     -1.239     -0.051 --
2.12351e+00 3.30000e-15     11.153      2.324     -3.375     -0.339 --
8.04343e-01 1.73101e-15      2.800     -5.580      0.153      0.675 --
1.21179e+00 6.59829e-16      3.160     -5.185     -0.449      0.314 --
1.74729e+00 1.43000e-14      5.224     -3.328     -1.593     -0.164 --
1.39640e+00 5.07333e-15      4.076     -4.508     -1.457     -0.306 --
3.05234e-01 1.12840e-14     15.250      6.598     -3.222      0.498 --
2.30709e-01 5.06396e-17      8.696     -0.413     -3.505     -1.039 --
3.06323e-01 9.10000e-16      1.589     -6.955     -0.785     -0.291 --
2.98991e-01 4.13798e-15      0.747     -7.573      0.040      0.193 HE
2.55427e-01 1.07560e-15      3.831     -4.527     -0.616      0.280 --
8.54482e-01 1.92700e-14      9.695      1.128     -2.255      0.139 --
3.18979e-01 6.07768e-14      3.424     -4.973     -0.808      0.059 --
8.61067e-01 3.47100e-14      5.969     -2.527     -1.516      0.004 --
2.22561e-01 7.23337e-17      3.441     -5.003     -0.981     -0.075 --
8.08546e-01 6.00000e-17      5.577     -3.644     -2.827     -1.169 --
5.86287e-01 3.00000e-15     17.642      8.913     -3.851      0.372 --
6.16979e-01 6.50600e-15     17.546      8.539     -4.906     -0.449 --
4.29922e-01 2.57800e-15     19.449     10.249     -5.788     -0.802 --
3.61921e-01 2.92130e-16      3.394     -5.457     -1.706     -0.697 --
5.81018e-01 1.92023e-15      4.000     -4.424     -0.987      0.001 --
8.90598e-01 5.69352e-15     13.019      4.176     -3.691     -0.449 --
5.76378e+00 1.16500e-14     14.055      5.131     -4.097     -0.575 RRAT
2.66475e-01 1.55651e-15     12.836      3.760     -4.290     -0.938 --
6.92116e-01 4.20713e-15      4.638     -3.725     -0.718      0.288 --
4.50516e-03 1.14208e-20      3.319     -5.031     -0.549      0.197 --
5.87567e-01 1.34900e-16     11.312      2.807     -2.111      0.411 --
1.22578e+00 8.60000e-15     20.597     11.827     -4.360      0.365 --
1.10063e+01 1.96001e-11      3.800     -4.605     -0.888      0.017 AXP
1.29784e+00 2.61247e-15     23.090     13.653     -7.041     -1.255 --
1.19102e+00 1.88000e-15      1.322     -7.399     -0.851     -0.433 --
4.63120e-03 3.63000e-21      2.180     -6.981      1.293      1.185 --
3.52401e-03 1.87522e-21      0.214     -8.109      0.060      0.102 
6.53061e-01 6.30998e-15      0.562     -7.756      0.055      0.158 --
4.47859e-01 2.26578e-15     16.109      7.535     -2.912      0.564 --
5.86986e-01 7.85580e-15      4.300     -4.099     -0.915      0.076 --
1.73590e+00 8.00000e-16      6.449     -2.115     -1.808     -0.240 --
8.65238e-01 7.38104e-15      4.600     -3.895     -1.308     -0.180 --
1.02533e-01 9.30656e-14      2.600     -5.815     -0.755     -0.103 HE
3.22023e-03 1.82105e-20      0.506     -8.200      0.395      0.327 --
9.54158e-01 2.00000e-17      5.200     -3.152     -0.192      0.737 --
2.86561e-01 1.02000e-16      7.200     -1.337     -1.823     -0.146 --
8.68805e-01 1.10246e-15      1.081     -7.259      0.135      0.285 --
4.65365e-01 7.41300e-15      4.146     -4.242     -0.848      0.057 --
1.02618e-01 2.66633e-17      3.986     -4.469     -1.088     -0.142 --
8.99233e-01 1.55362e-14      4.498     -4.247     -1.831     -0.648 --
2.55360e-01 1.27930e-15      3.118     -5.208     -0.144      0.401 --
4.57014e-03 8.52963e-21      1.136     -7.397      0.494      0.508 HE
4.32526e-01 1.14000e-16      4.580     -9.648      3.664      2.422 --
1.60011e+00 1.77410e-13      4.426     -3.969     -0.913      0.029 --
2.08884e+00 1.76711e-16      0.215     -8.097      0.041      0.085 --
3.82494e+00 5.88000e-11     13.200      4.643     -2.591      0.070 AXP
1.26021e+00 9.20000e-17      4.047     -4.287     -0.478      0.247 --
7.79628e-01 1.45877e-16      5.011     -3.369     -0.891      0.088 --
9.28108e-01 4.39736e-15      5.158     -3.251     -1.055     -0.021 --
2.78494e-01 3.74442e-14      3.737     -4.643     -0.770     -0.006 --
2.07215e+00 3.03273e-15      3.917     -4.486     -0.887     -0.073 --
5.73745e-01 8.75629e-16     18.769      9.804     -4.868     -0.871 --
6.30314e-01 1.79697e-14      5.373     -3.015     -0.970      0.058 --
3.11813e-01 2.87000e-15      5.417     -3.015     -1.180     -0.099 --
1.03607e+00 2.88200e-15      4.387     -4.036     -1.022     -0.124 --
5.55825e-01 8.33146e-16     21.909     12.392     -6.906     -2.009 --
3.15972e-03 6.11310e-20      8.500     -5.709      6.482      4.877 --
6.56299e-01 9.80356e-15     25.000     16.451     -3.425      0.830 --
6.82419e-01 5.29300e-15      4.334     -4.039     -0.790      0.027 --
1.14950e+00 8.20000e-16      5.012     -3.388     -0.995     -0.032 --
1.08552e+00 3.29939e-17      6.535     -1.918     -1.397     -0.126 --
3.97857e-01 1.22300e-14     14.244      5.572     -3.199     -0.439 --
3.49929e-01 1.75000e-15     16.632      7.894     -3.758     -0.482 --
8.87719e-01 3.70303e-15      7.287     -1.211     -1.668     -0.237 --
3.21793e-01 1.91849e-16     11.224      1.464     -5.050     -2.238 --
1.28938e+00 2.62109e-14      5.325     -3.057     -0.931      0.032 --
3.37857e+00 1.61359e-12      3.918     -4.443     -0.691      0.029 HE
7.46747e-02 1.31742e-14      3.488     -4.877     -0.668     -0.010 HE
5.90473e-01 7.50696e-15     13.805      4.857     -4.018     -1.119 --
5.79015e-03 8.04285e-21      0.336     -7.976      0.050      0.101 --
4.53993e-01 2.18610e-15      4.274     -4.065      0.104      0.597 --
4.93775e-01 1.49000e-17     16.427      7.959     -2.318      0.373 --
1.89094e-01 1.66760e-15      9.790      1.259     -2.093     -0.266 --
2.35475e-01 3.92087e-16     13.472      4.709     -3.404     -0.797 --
1.61566e+00 7.40000e-16      5.583     -4.789      3.377      2.754 --
4.77715e-01 8.27976e-17      2.461     -6.112      0.801      0.818 --
3.26765e-03 8.17249e-21      0.191     -8.125      0.054      0.083 --
1.56561e+00 5.79801e-15      0.993     -7.334      0.125      0.222 --
8.74265e-01 5.93000e-16      3.877     -4.450      0.030      0.486 --
6.20449e-01 7.46000e-16      1.098     -7.207     -0.067      0.105 --
3.51125e-01 3.26715e-17      3.909     -4.446     -0.656      0.021 --
2.18133e+00 3.13564e-15      0.200     -8.113      0.047      0.079 --
1.00404e+00 1.62403e-15      8.000     -0.439      0.668      1.355 HE
4.04040e-01 1.28300e-16      5.621     -2.774      0.475      0.943 --
3.49663e-03 5.54225e-21      1.392     -6.917      0.009      0.186 --
2.80424e-01 2.51862e-14      4.600     -3.748     -0.665      0.066 --
4.77158e-01 6.45199e-16      2.929     -5.387     -0.277      0.147 --
3.99187e-01 4.46707e-15      3.991     -4.359     -0.629      0.014 --
2.36180e-01 1.08629e-14      2.476     -5.858     -0.409     -0.003 --
2.18554e-01 3.73816e-16      9.067      0.424     -2.364     -0.684 --
1.85573e-03 7.54180e-21      0.926     -7.377     -0.038      0.093 --
6.25034e-01 9.00000e-16      4.767     -3.548     -0.209      0.345 --
2.02725e-01 8.02850e-15      3.497     -4.849     -0.566     -0.009 --
9.48237e-01 7.24718e-15     17.899      9.523     -1.515      0.665 --
1.22171e+00 2.11049e-14      6.769     -1.590     -0.891      0.050 --
1.30911e+00 3.51322e-15      7.365     -1.244     -2.000     -0.653 --
2.39919e-01 4.29600e-16      0.203     -8.111      0.054      0.080 --
1.25779e+00 1.99336e-15      4.251     -4.061     -0.175      0.295 --
1.03247e+00 1.49986e-14      4.784     -3.563     -0.668     -0.001 --
2.06239e+00 2.30000e-14      4.142     -4.231     -0.763     -0.112 --
4.79182e-03 5.00000e-20      3.142     -5.214     -0.579     -0.085 --
1.46507e+00 2.79000e-15      4.465     -3.941     -0.937     -0.215 --
1.11013e+00 1.21675e-12      4.722     -3.621     -0.637      0.006 --
2.87432e-01 1.44001e-15      4.847     -3.508     -0.723     -0.056 --
8.82778e-01 3.32760e-15      9.403      0.902     -1.876     -0.448 --
1.29310e+00 1.06998e-15      3.959     -4.351     -0.073      0.294 --
2.70832e-02 2.46320e-19      1.881     -6.423     -0.094      0.117 --
2.84050e-02 3.10000e-19      5.414     -2.899     -0.279      0.285 --
3.86004e-01 1.12266e-15      1.458     -7.024      0.542      0.480 --
6.15538e-01 7.19886e-17      4.557     -3.803     -0.725     -0.119 --
8.66343e-01 2.32670e-16      6.905     -1.549     -1.389     -0.383 --
6.62929e-02 1.72000e-19      0.969     -7.341      0.075      0.146 --
8.12280e-03 2.01840e-20      0.650     -7.654      0.035      0.093 HE
1.53843e+00 8.85167e-15     12.055      3.736     -0.394      0.581 --
1.39506e-01 8.40958e-14      3.487     -4.831     -0.356      0.021 HE
3.27024e+00 2.19558e-14      3.460     -4.858     -0.354      0.016 --
2.34456e-03 2.54069e-20      4.782     -3.598      0.568      0.690 HE
7.53048e-01 1.67856e-15      7.280     -1.037     -0.478      0.175 --
5.44671e-01 2.80930e-14      5.550     -2.775     -0.522      0.031 --
8.29946e-01 1.63635e-13      0.700     -7.638     -0.208     -0.069 HE
4.83770e-01 1.81797e-16      2.634     -5.704      0.292      0.365 --
1.96543e-01 2.80483e-14      0.641     -7.660     -0.041      0.036 HE
3.32887e-01 4.02253e-16      4.333     -3.992     -0.467     -0.025 --
2.18400e+00 1.30000e-15     10.939      2.503     -1.656     -0.430 --
6.27981e-01 1.28380e-14      7.234     -1.248     -1.502     -0.559 --
3.23434e-01 6.61133e-16     11.527      2.917     -2.469     -0.956 --
5.31255e-03 1.41912e-20      1.874     -6.564     -0.631     -0.286 HE
8.71683e-01 4.27033e-17      1.105     -7.203      0.077      0.134 --
6.59794e-01 2.09959e-15     12.040      3.708      0.299      0.847 --
7.68185e-01 1.10763e-15      4.740     -3.564     -0.094      0.210 --
3.62052e-01 1.64848e-15     20.610     12.284     -0.963      0.428 --
1.24591e+00 4.10274e-15      4.238     -4.079     -0.375     -0.004 --
3.37600e-01 1.50435e-14      3.152     -5.185     -0.461     -0.109 --
5.61781e-01 3.64597e-15     19.196     10.512     -3.567     -1.338 --
1.01123e+00 4.00000e-16      4.217     -4.526     -1.667     -0.848 --
8.39394e-01 4.21002e-16      1.798     -6.694      0.645      0.515 --
6.12524e-01 1.05052e-15      3.435     -4.879      0.160      0.288 --
3.01456e-01 8.00000e-18     11.354      3.044     -0.278      0.410 --
5.41286e-01 1.62000e-17      3.744     -4.561     -0.194      0.073 --
1.16934e+00 2.27941e-12      4.461     -3.857     -0.403     -0.021 HE
5.10718e-01 3.22600e-16     25.000     -9.257     21.049     13.482 --
7.82887e-01 6.32000e-16      0.991     -7.411      0.351      0.288 --
4.19335e-01 1.21473e-15      6.400     -2.347      1.849      1.478 --
3.50972e-01 2.60044e-14      4.975     -3.341     -0.392     -0.022 --
2.64222e+00 3.42784e-15      4.483     -3.829      0.182      0.308 --
1.59242e+00 1.49206e-14      6.011     -2.292     -0.058      0.221 --
6.44504e+00 2.99908e-14     10.419      2.114     -0.156      0.314 --
5.02803e-01 1.57000e-15      2.626     -5.692     -0.292     -0.055 --
1.97998e-03 9.55614e-20      9.100     -0.097      3.200      2.326 --
4.17502e-03 7.93000e-21      0.206     -8.107      0.059      0.070 --
7.68672e-01 3.73339e-14      3.602     -4.702     -0.170      0.039 --
4.50432e-01 1.38756e-13      4.162     -4.145     -0.236      0.024 --
8.16273e-01 2.25077e-15     13.381      5.034     -1.094     -0.202 --
3.97591e-01 6.11674e-15      2.485     -5.835     -0.295     -0.079 --
5.85010e-03 2.41199e-20      1.695     -6.869      0.751      0.539 --
1.97885e+00 8.55924e-15      2.832     -5.481      0.184      0.229 --
3.49591e-01 3.15312e-15      4.127     -4.177      0.068      0.197 --
6.27716e-01 4.62430e-15     11.989      3.682      0.057      0.423 --
4.43425e-01 8.20217e-14      3.460     -4.841     -0.098      0.059 --
5.49498e-01 2.95909e-16      4.790     -3.515     -0.221      0.020 --
7.68500e-01 7.94913e-16      1.264     -7.038     -0.078      0.012 --
7.30373e-01 8.85517e-17      3.755     -4.557     -0.293     -0.051 --
2.34169e-01 1.50468e-16     25.000     12.161     11.922      8.041 --
1.21570e+00 8.12132e-17      0.735     -7.592      0.161      0.143 --
1.81846e+00 2.40000e-16      4.411     -3.898      0.179      0.246 RRAT
3.22889e-01 7.87528e-15      2.912     -5.389     -0.040      0.072 --
1.14372e-01 1.13951e-14      3.074     -5.228     -0.103      0.035 HE
2.39317e-01 2.17808e-15      4.380     -3.924     -0.177      0.024 --
5.29441e-01 1.85836e-14      4.404     -3.902     -0.223     -0.004 --
8.77561e-01 1.97149e-16      3.794     -4.512     -0.216     -0.022 --
3.41772e-01 1.98574e-17      0.784     -7.531     -0.135     -0.040 --
1.54101e-01 2.13322e-14      1.225     -7.346      0.643      0.448 HE
8.03052e-01 1.45132e-15      4.113     -5.246      2.305      1.536 --
1.69266e+00 1.85085e-15     15.058      6.733      0.580      0.670 --
6.06887e-01 4.65956e-13      0.400     -7.900     -0.012      0.027 --
5.70313e-01 2.55043e-14      4.748     -3.555     -0.181      0.001 --
5.15001e-01 3.89776e-15      4.192     -4.122     -0.324     -0.092 --
3.65033e-03 1.68000e-19      2.482     -6.048     -0.903     -0.495 --
5.78697e-03 -6.02802e-21      2.482     -6.048     -0.903     -0.495 --
3.74715e-03 3.02165e-20      1.667     -7.075      0.951      0.638 HE
1.36074e+00 1.84100e-15      2.522     -6.919      1.784      1.154 --
8.28861e-01 2.06000e-16     25.000      1.161     19.568     12.380 --
2.04308e+00 2.27471e-15      3.300     -5.203      0.944      0.664 --
3.90451e+00 1.62600e-14      2.553     -5.775      0.302      0.258 --
4.13700e-01 1.69830e-14      0.300     -8.003      0.033      0.052 HE
2.56555e+00 1.27692e-15      4.558     -3.776      0.443      0.362 --
3.46797e-01 8.05796e-17     11.557      3.252      0.183      0.313 --
8.92959e-01 1.47514e-16      3.055     -5.246      0.034      0.101 --
2.23558e-01 6.34222e-16      3.714     -4.587     -0.078      0.040 --
1.89375e+00 8.99440e-15      3.870     -4.432     -0.112      0.023 --
5.12212e-01 1.71220e-15      4.612     -3.767     -0.754     -0.370 --
1.31610e-01 1.48962e-16      3.669     -5.025      1.389      0.924 --
9.18179e-01 6.24534e-16      0.952     -7.423      0.309      0.230 --
1.01635e+00 8.16043e-17     12.006      3.480     -2.033     -1.086 --
4.12401e-01 3.59708e-17      5.670     -2.891     -1.471     -0.825 --
4.44646e-01 1.55618e-15      0.200     -8.119      0.072      0.073 --
4.05337e-01 4.82298e-16      3.476     -4.942      0.756      0.512 --
1.24251e+00 4.72411e-16      6.494     -1.823      0.377      0.305 --
2.41465e+00 1.20781e-13      3.326     -4.979     -0.157     -0.050 --
1.93113e-01 1.05670e-14      8.977      0.664     -0.435     -0.176 --
3.06168e-01 7.94162e-16      5.028     -3.408     -1.006     -0.555 --
4.07455e-03 8.93441e-21      0.395     -7.923      0.100      0.089 HE
1.75721e+00 2.37670e-15      1.923     -6.424      0.357      0.251 --
1.68351e+00 8.32700e-16      2.723     -5.588      0.212      0.158 --
1.06608e+00 2.12310e-14      3.309     -4.995     -0.136     -0.045 --
1.72444e-01 1.55000e-18      4.541     -3.836     -0.715     -0.396 --
3.55666e-01 1.73442e-16      8.980     -0.148     -3.214     -1.935 --
2.65213e-03 2.72911e-21      1.214     -7.358      0.655      0.424 HE
1.05985e+00 5.63000e-16     11.073     -0.035      6.304      3.842 --
1.04541e+00 6.31000e-16      5.495     -3.419      2.155      1.343 --
1.93763e-02 9.24599e-20      0.226     -8.086      0.063      0.065 --
1.16059e+00 2.85680e-15     15.563      7.167      1.481      0.906 --
4.87528e-01 4.42091e-18      4.123     -4.177      0.061      0.046 --
3.76373e+00 1.75640e-11      8.300     -0.000     -0.008     -0.007 AXP
3.67438e-01 1.06675e-14      0.200     -8.100     -0.005      0.023 --
6.98353e-01 2.42600e-15      5.034     -3.333     -0.695     -0.406 --
3.46504e+00 4.91900e-15      6.832     -4.056      4.582      2.797 --
1.05815e+00 1.04700e-15     25.000      6.212     17.422     10.558 --
1.88893e+00 1.30000e-12      8.235     -0.065      0.065      0.016 --
1.47848e+00 1.27000e-14      8.193     -0.107      0.019     -0.004 --
1.07710e+00 1.34311e-12      5.485     -2.815      0.013      0.005 --
9.45224e-01 1.25000e-14      8.142     -0.158      0.018     -0.033 --
1.57879e+00 4.30000e-16      2.511     -5.917      0.691      0.411 --
5.00254e-01 1.32412e-14      6.136     -2.168      0.220      0.088 --
2.78008e+00 2.36503e-15      5.149     -3.152      0.087      0.021 --
5.21529e-02 1.55570e-13      8.141     -0.160      0.123      0.011 --
9.88140e-02 6.13233e-14      2.520     -5.781     -0.031     -0.018 HE
1.64561e-03 1.31421e-20      7.158     -1.293     -1.210     -0.795 HE
3.94134e-01 1.21270e-15      2.411     -5.981      0.579      0.341 --
2.88603e-01 3.99333e-16      8.200     -0.191      1.100      0.544 --
1.67601e-02 -3.29133e-19      8.200     -0.191      1.100      0.544 --
6.22693e-03 -5.98293e-20      8.200     -0.190      1.099      0.545 --
1.34958e-02 5.86773e-19      8.200     -0.191      1.101      0.545 --
1.62640e-02 3.12448e-19      8.200     -0.191      1.101      0.544 --
3.79363e-03 -1.05491e-20      8.200     -0.191      1.100      0.544 --
4.42838e-01 1.11312e-16      3.841     -4.469      0.265      0.119 --
1.15631e-02 -3.40000e-20      6.620     -1.697      0.443      0.201 --
8.43610e-03 -6.06000e-19      6.620     -1.697      0.443      0.201 --
1.39595e-03 0.00000e+00      6.620     -1.697      0.443      0.200 --
2.95891e-03 1.41232e-19      6.620     -1.697      0.443      0.201 --
1.89011e-03 8.84945e-20      6.620     -1.697      0.443      0.201 --
2.93382e-03 -1.36796e-19      6.620     -1.697      0.443      0.200 --
4.80234e-03 1.55741e-19      6.620     -1.697      0.443      0.200 --
2.27438e-03 8.69791e-20      4.395     -3.916      0.294      0.142 --
3.74469e-03 3.07001e-19      4.410     -3.901      0.295      0.143 --
1.25219e-02 -7.16206e-19      4.402     -3.909      0.295      0.142 --
1.95281e-03 -2.64655e-19      4.400     -3.911      0.294      0.142 --
2.32646e-03 2.55983e-19      4.396     -3.915      0.294      0.142 --
2.18819e-03 -5.89967e-20      4.405     -3.906      0.295      0.142 --
4.54822e-03 -1.06797e-19      4.393     -3.918      0.294      0.142 --
1.84945e-03 -4.25047e-20      4.401     -3.910      0.295      0.142 --
1.30491e-02 1.30646e-17      4.403     -3.908      0.295      0.142 --
1.94350e-03 -9.54952e-21      4.368     -3.943      0.292      0.141 --
9.68396e-03 -3.57955e-20      5.054     -3.248     -0.064     -0.091 --
4.36041e-01 1.51900e-16     25.000     -7.742     21.445     12.864 --
2.71456e+00 7.07700e-15      9.601      1.227      1.097      0.495 --
8.74486e-01 2.42357e-15     12.645      4.294      1.064      0.420 --
1.33539e+00 1.71550e-15      4.196     -4.108      0.183      0.057 --
6.09874e-01 7.87067e-15     12.803      4.498     -0.121     -0.293 --
4.45822e-01 5.90000e-16      1.980     -6.448     -0.584     -0.360 --
3.07577e-01 1.49600e-16      3.279     -5.340     -1.181     -0.744 --
1.33231e+00 2.12000e-15      2.493     -6.084     -0.958     -0.594 --
5.63905e+00 7.94971e-15      8.838      0.447      1.166      0.512 --
7.12794e-01 1.07966e-14     12.848      4.510      0.961      0.251 --
8.99377e-01 2.63694e-16      4.860     -3.453      0.350      0.118 --
1.30051e+00 5.78000e-15      4.069     -4.232      0.047     -0.039 --
9.10363e-01 1.96516e-16      4.335     -3.972     -0.153     -0.177 --
6.84014e-01 3.64942e-17      5.865     -2.471     -0.478     -0.409 --
1.11601e-01 5.66068e-18     12.730      4.297     -1.429     -1.125 --
6.07454e-03 1.91880e-20     12.730      4.297     -1.430     -1.125 --
2.65687e-02 -9.96017e-19     12.730      4.297     -1.428     -1.125 --
5.13994e-03 4.92766e-19     12.730      4.297     -1.429     -1.125 --
2.00138e+00 2.30318e-16      0.552     -7.793      0.193      0.127 --
3.94836e-01 2.64461e-15      5.182     -3.130      0.348      0.073 --
3.91487e-03 1.12248e-20      1.088     -7.212      0.012      0.002 --
5.48231e-01 8.86944e-15     14.170      5.821     -0.782     -0.855 --
7.42354e-01 1.29787e-15      0.742     -7.595     -0.189     -0.106 --
4.09051e-01 6.42700e-16      3.031     -6.470      2.108      1.209 --
1.91037e-01 6.17715e-16     12.402      4.055      1.066      0.212 --
5.62567e-01 8.12939e-15      0.200     -8.100      0.005      0.023 --
6.40229e-01 3.46770e-15      5.440     -2.862      0.120     -0.083 --
6.29549e-02 2.02129e-18      2.915     -5.427      0.468      0.191 --
9.51378e-02 9.70000e-19      3.232     -5.089      0.354      0.110 --
5.28336e-01 1.41150e-14      5.287     -3.028      0.394      0.057 --
1.86236e-02 -4.93553e-20      4.142     -4.161      0.106     -0.077 --
2.39140e+00 1.56414e-15      6.300     -7.302      5.386      3.138 --
2.09025e+00 8.30000e-16     11.096      2.754      0.957      0.111 --
1.32049e+00 4.42800e-15      2.520     -5.782     -0.006     -0.084 RRAT
3.61691e-01 5.73045e-16      7.144     -1.198     -0.498     -0.570 --
3.92704e-01 7.81493e-16      2.565     -5.752     -0.195     -0.200 --
1.90710e-01 7.80900e-16      0.235     -8.079      0.073      0.060 --
7.33744e-01 6.85897e-16      4.617     -3.788      0.920      0.358 --
3.22231e-01 4.42170e-15     15.975      7.488      2.354      0.649 --
1.17597e+00 9.01928e-14      3.444     -4.866      0.256      0.007 --
1.00451e+00 3.12081e-14      5.055     -3.258      0.369      0.009 --
2.33541e-01 1.12061e-14      4.398     -3.913      0.310     -0.005 --
3.15196e-01 2.43370e-15      4.891     -3.420      0.324     -0.016 --
4.30872e-01 1.22800e-14      3.946     -4.362      0.249     -0.009 --
2.61955e-01 1.37241e-17      2.704     -5.599      0.115     -0.035 --
1.27861e-02 3.10619e-20      8.178     -0.217     -0.867     -0.860 --
7.44001e-01 5.13129e-16     25.000      8.654     16.251      8.598 --
4.04980e-01 5.26912e-14      4.779     -3.556      0.569      0.115 --
2.84616e-02 1.01750e-18      0.730     -7.575      0.083      0.037 --
6.70480e-01 2.84741e-16      3.833     -4.482      0.336      0.018 --
7.24514e-01 1.23800e-15      5.113     -3.198      0.319     -0.069 --
1.79354e-01 1.50390e-15      4.222     -4.206      0.973      0.366 --
2.14972e-02 2.62733e-18     19.560     10.944      3.381      0.946 --
1.85310e-01 7.81952e-16      3.727     -4.601      0.456      0.078 --
2.34109e-01 1.29566e-14      3.125     -5.188      0.288      0.020 HE
1.76872e-02 -1.30453e-20      8.203     -0.109      0.342     -0.247 --
8.86996e-03 2.63000e-20      0.833     -7.543     -0.281     -0.177 --
2.91250e-03 2.99353e-21      3.512     -5.314     -1.524     -1.020 
9.47256e-01 7.20000e-16      3.279     -6.632      2.490      1.357 --
6.92552e-01 1.69165e-14      4.544     -3.822      0.753      0.199 --
4.30278e-01 9.56430e-16     15.054      6.628      1.933      0.223 --
2.10726e+00 1.55420e-15      3.410     -4.900      0.253     -0.032 --
1.20289e+00 5.16562e-15      4.351     -3.959      0.270     -0.080 --
7.66706e-01 9.40542e-17      2.006     -6.297      0.054     -0.060 --
1.76016e-01 2.43000e-19      0.543     -8.201      0.467      0.287 --
2.51226e+00 1.57400e-14      2.519     -5.913      0.757      0.305 --
7.98452e-01 2.55010e-16      4.917     -3.486      0.969      0.271 --
7.31505e-01 3.06612e-15     21.807     13.152      3.837      0.817 --
2.54720e-01 9.34307e-17      7.985     -0.431      1.336      0.266 --
2.84339e+00 1.85709e-14      4.620     -3.743      0.751      0.161 --
4.60983e-01 1.08500e-14      3.254     -5.074      0.423      0.063 --
8.10718e-01 1.07436e-14      5.780     -2.559      0.675      0.034 --
5.58889e-01 3.76202e-15      5.345     -2.990      0.614      0.035 --
9.56549e-01 9.95925e-14      4.841     -3.474      0.360     -0.080 --
5.74400e-01 4.62847e-15      2.417     -5.887      0.051     -0.103 --
1.07896e+00 3.77340e-15      3.109     -5.198     -0.020     -0.182 --
3.73392e-01 4.39318e-16      3.096     -5.526     -1.110     -0.786 --
5.78375e-01 1.17081e-16      1.936     -7.947      1.666      0.948 --
7.83185e-01 1.15370e-14      1.477     -6.992      0.631      0.296 --
1.79927e+00 5.50355e-16     16.111      7.640      2.327      0.277 --
9.21493e-01 3.30443e-15      5.740     -3.105      2.268      0.933 --
7.17561e-03 -5.09921e-19      9.200      0.330      3.008      1.082 --
2.89616e-02 2.20346e-18      9.200      0.330      3.008      1.082 --
3.73870e-03 -6.29815e-20      9.200      0.330      3.008      1.082 --
4.22653e-03 7.52235e-21      9.200      0.330      3.010      1.080 --
7.60167e-03 -1.03598e-18      9.200      0.330      3.008      1.082 --
2.48920e-02 -2.67083e-18      9.200      0.330      3.008      1.082 --
5.15914e-02 1.06733e-19      9.200      0.330      3.008      1.083 --
5.64272e-03 3.43239e-20      9.200      0.330      3.008      1.081 --
3.25418e-03 -1.64140e-20      9.200      0.330      3.009      1.080 --
9.59049e-03 8.17956e-19      6.659     -2.054      2.177      0.791 --
6.05729e-03 -3.37922e-20      7.038     -1.698      2.302      0.835 --
5.35684e-03 4.85875e-19      6.747     -1.971      2.206      0.801 --
4.99458e-03 -5.31496e-19      6.687     -2.027      2.187      0.794 --
4.28711e-03 1.31394e-19      6.671     -2.042      2.181      0.792 --
3.62510e-03 5.30397e-21      1.105     -7.233      0.277      0.104 HE
2.55050e+00 1.82141e-16     20.074     11.432      3.638      0.656 --
1.10872e+00 7.03143e-16      4.897     -3.484      0.875      0.164 --
4.38113e-01 1.55474e-17     14.872      6.410      2.184      0.185 --
3.75302e-01 1.60178e-14      4.132     -4.207      0.563      0.054 --
4.15827e-01 1.12930e-13      4.000     -4.328      0.476      0.009 --
1.24924e-01 1.27906e-13      3.803     -4.514      0.348     -0.044 HE
1.08191e+00 3.29231e-15      3.013     -5.293      0.075     -0.154 --
7.45358e-03 7.22227e-23      6.113     -2.209     -0.115     -0.481 --
1.38560e+00 3.97419e-16      5.914     -2.432     -0.357     -0.613 --
5.54262e-01 2.10900e-15      7.686     -1.684      3.606      1.546 --
1.68057e+00 2.64900e-15      4.070     -4.576      1.536      0.609 --
5.14671e-01 5.64209e-16      6.598     -1.841      1.323      0.280 --
1.26476e-02 7.25586e-20      0.800     -7.509      0.117      0.033 --
5.69007e-01 8.56369e-15     12.868      4.501      1.285     -0.214 --
2.46105e+00 1.32000e-15     13.673      5.291     -0.552     -1.358 --
5.36596e-01 1.77138e-15     19.037     10.228      4.284      0.906 --
2.86434e+00 1.51700e-14     10.787      2.296      2.008      0.261 --
4.43649e-01 3.29681e-16     12.537      4.031      2.248      0.280 --
1.33667e-01 1.34359e-13      4.400     -3.947      0.642      0.024 HE
3.34415e-01 1.71128e-17      3.468     -4.842      0.211     -0.137 --
7.10139e-03 3.99908e-20      7.300     -1.020      0.130     -0.496 --
5.84040e-03 6.97215e-19      7.300     -1.020      0.130     -0.497 --
6.33412e-01 3.37200e-16      7.810     -0.535     -0.269     -0.765 --
2.13462e-03 1.84241e-20      1.443     -7.169     -0.740     -0.478 HE
2.31009e-02 4.67103e-19      8.200     -0.684      2.890      0.969 --
5.70511e-01 1.43212e-16      4.054     -4.283      0.545     -0.014 --
9.34303e-03 4.08632e-20      0.909     -7.394      0.056     -0.019 --
1.49269e-03 -7.57334e-22      8.235     -0.087      0.286     -0.502 --
2.18712e-01 9.99455e-16      5.253     -3.861      2.604      1.079 --
2.12891e-03 2.27582e-20      3.885     -5.135      2.081      0.891 HE
4.54651e-01 9.72416e-16      5.342     -3.384      1.984      0.683 --
1.18127e+00 2.73498e-16      5.409     -3.064      1.329      0.302 --
4.05769e-01 8.39380e-15      6.693     -1.699      1.108      0.042 --
3.57807e-01 1.75549e-15      4.983     -3.385      0.818      0.038 --
6.61402e-01 5.81812e-18      4.576     -3.750      0.463     -0.126 --
4.28341e-01 4.74000e-16      4.589     -3.726      0.116     -0.325 --
4.84286e-01 5.72500e-17      2.951     -6.026      1.731      0.761 --
1.50837e-02 3.75000e-20      1.330     -7.583      1.008      0.516 HE
5.22620e-01 1.40877e-15      3.005     -5.436      0.883      0.249 --
6.68309e-01 8.62010e-16     10.155      1.576      2.338      0.387 --
8.79791e-01 1.70287e-17     12.798      4.277      2.363      0.165 --
4.81825e-01 1.17983e-13      4.887     -3.471      0.749     -0.013 --
4.64300e-01 1.29400e-16      7.914     -1.996      4.434      1.824 --
1.63727e-01 2.87993e-17      1.500     -6.897      0.512      0.168 --
3.05945e-03 -4.33500e-21      2.580     -5.736      0.262     -0.081 --
4.18618e-03 8.23245e-20      2.580     -5.736      0.262     -0.081 --
2.76419e+00 4.99400e-15     18.555     10.162      1.611     -0.890 RRAT
8.27786e-01 1.21728e-14     15.321      6.959      1.025     -0.893 --
8.76045e-01 1.24020e-15      3.972     -4.600      1.393      0.413 --
5.96993e-01 7.72463e-16      8.075     -0.680      2.598      0.650 --
5.44550e-01 2.67590e-15      4.306     -4.133      1.075      0.182 --
2.41035e-01 1.16195e-17     14.163      5.520      3.089      0.276 --
7.55592e+00 5.49000e-10     13.000      4.502      2.256     -0.070 AXP
9.18410e-01 1.70761e-14      4.586     -3.776      0.753     -0.020 --
2.45788e+00 6.58181e-14      2.705     -5.607      0.196     -0.140 --
3.64917e-01 7.04244e-15      6.276     -2.063     -0.105     -0.662 --
7.44976e-01 2.29000e-15     11.085      1.474      4.969      1.658 --
3.13886e-01 1.52100e-16     13.998      4.687      5.048      1.369 --
8.95289e-01 5.20121e-15     17.144      8.224      4.522      0.689 --
1.12448e+00 1.05747e-14      4.667     -3.726      0.928      0.038 --
8.27642e-02 2.54821e-14      3.269     -5.092      0.629      0.021 --
5.54074e+00 2.82807e-12      3.600     -4.763      0.670      0.006 AXP
4.34811e-01 7.27885e-15      5.227     -3.158      0.940     -0.008 --
7.02417e-01 3.82190e-15      4.122     -4.234      0.674     -0.038 --
1.46789e-01 3.44207e-14      0.880     -7.428      0.113     -0.006 NRAD
8.60388e-01 1.20000e-16     22.565     14.007     -1.349     -3.095 --
3.07683e-01 2.42000e-16      5.453     -3.915      3.033      1.170 --
1.66275e-03 4.47600e-21      2.357     -6.692      1.585      0.703 HE
2.17214e-01 2.38739e-17      6.755     -1.787      1.778      0.246 --
1.16113e+00 3.33000e-16     14.520      5.844      3.278      0.223 --
1.53716e-01 5.22194e-17      4.237     -4.157      0.886      0.035 --
3.28222e-02 1.47418e-19      3.513     -4.847      0.643     -0.019 --
2.61050e-01 3.85739e-16      1.648     -6.809     -0.534     -0.429 --
4.61713e-01 2.69200e-15      2.965     -5.915      1.651      0.641 --
9.24946e-01 1.60236e-15     11.112      1.542      4.929      1.547 --
4.14568e-03 4.81227e-21      5.801     -2.971      2.218      0.608 --
2.62386e+00 8.00000e-16      8.666     -0.108      2.774      0.579 --
3.91385e-01 1.20000e-16      5.184     -3.250      1.170      0.073 --
1.04182e-01 9.01000e-19      4.419     -3.991      0.981      0.047 --
5.57464e-01 6.31476e-15      4.933     -3.473      1.018      0.016 --
6.46670e-02 4.40000e-14      5.000     -3.395      0.970     -0.019 NRAD
2.66059e-03 1.37756e-20      1.389     -6.923      0.171     -0.039 HE
4.15813e-01 2.97216e-16      3.756     -4.575      0.433     -0.179 --
1.43271e+00 2.25442e-15      1.447     -6.952     -0.381     -0.334 --
7.93903e-01 3.59963e-15      7.187     -2.205      3.618      1.217 --
1.20537e+00 1.90769e-14      3.659     -4.736      0.830      0.050 --
5.38341e-01 9.82458e-16      4.514     -3.900      1.008      0.043 --
4.30991e-01 3.77432e-14      5.920     -2.500      1.182     -0.039 --
1.90311e+00 2.40000e-16     11.214      2.741      1.938     -0.267 --
1.22335e+00 2.38931e-14     14.443      5.925      2.472     -0.348 --
3.15835e-01 1.77458e-16     22.247     13.780      2.326     -1.383 --
2.36983e-01 3.15600e-16      2.940     -5.377      0.202     -0.218 --
5.87477e-01 6.60200e-16      5.474     -2.859      0.136     -0.559 --
3.36425e-01 2.10000e-17      4.988     -4.944      3.415      1.425 --
9.31089e-01 2.54871e-15      4.915     -6.569      4.144      2.023 --
4.10656e-03 6.94284e-21      2.229     -6.292      0.935      0.274 --
4.80722e-02 1.75637e-14      2.635     -5.785      0.780      0.131 NRAD
4.47406e-02 1.26999e-13      6.147     -2.306      1.364      0.005 HE
4.26468e-01 2.07845e-15     14.819      6.293      2.534     -0.449 --
3.28514e-01 4.78093e-17     12.475      4.025      1.849     -0.520 --
4.43001e-03 1.24660e-20      3.158     -5.164      0.292     -0.210 --
7.51261e-01 1.66038e-15      4.151     -5.167      2.553      0.972 --
1.01422e+00 8.84000e-16      4.211     -4.468      1.698      0.435 --
1.37787e+00 2.92372e-16      5.990     -2.811      2.340      0.555 --
9.57464e-01 6.33282e-15      5.205     -3.246      1.243      0.033 --
3.97591e+00 7.44706e-13      5.118     -3.314      1.153     -0.008 --
4.26844e-01 9.47417e-17     25.000     -6.059     22.139     11.421 --
1.98457e-01 7.77681e-14      4.887     -3.542      1.114     -0.012 --
1.24992e+00 3.62956e-14      6.133     -2.298      1.255     -0.096 --
3.19310e-03 4.30736e-20      4.335     -7.132      3.762      1.837 HE
2.17643e-01 6.48032e-15      3.152     -5.381      1.171      0.242 HE
5.94500e-01 1.32607e-15     10.089      1.406      2.753      0.141 --
7.82320e-01 7.26222e-15      4.442     -3.980      1.032     -0.020 --
5.92885e-01 6.65027e-17      3.592     -4.737      0.326     -0.292 --
2.17923e-01 1.93000e-18      2.580     -6.031     -0.933     -0.773 --
4.38095e-01 -2.30313e-18      0.195     -8.120      0.074      0.040 --
2.24604e-01 1.43133e-15      7.345     -1.225      1.975      0.054 --
2.04684e+00 3.60000e-16     17.004      8.347      3.424     -0.507 --
3.87019e-01 2.02298e-15      4.399     -3.969     -0.242     -0.704 --
3.84487e-01 5.77574e-16      6.086     -2.343     -0.555     -1.092 --
8.37535e-01 9.10610e-15     17.391      7.036      7.974      1.939 --
5.44800e-01 3.82435e-15     13.004      3.978      4.262      0.456 --
2.91489e-01 2.03574e-15      5.439     -3.083      1.536      0.068 --
2.81371e-01 6.15000e-15      4.996     -3.498      1.380      0.045 --
9.39690e-01 4.10603e-15      5.361     -3.135      1.437      0.028 --
5.51134e-01 9.67439e-15      4.792     -3.677      1.262      0.007 --
9.52709e-01 7.06200e-16      3.464     -4.955      0.902      0.002 --
1.36349e+00 4.18300e-11      4.808     -3.652      1.229      0.000 AXP
7.99166e-01 1.27094e-16      5.842     -3.414      3.084      0.894 --
1.06036e+00 3.60721e-16      4.047     -5.329      2.601      0.916 --
8.52049e-01 3.16727e-15     13.935      4.703      4.974      0.625 --
3.01490e-01 1.32090e-15     13.539      4.390      4.690      0.538 --
2.94163e-01 5.64014e-16      5.799     -2.829      1.915      0.197 --
1.38814e+00 7.61135e-16     16.393      7.186      5.362      0.440 --
1.51570e+00 5.97307e-16      0.812     -7.526      0.244      0.036 --
1.78849e+00 2.59095e-15      8.967      0.284      2.591      0.061 --
4.26321e+00 5.62679e-13      3.301     -5.127      0.911      0.021 RRAT
2.26539e-01 7.85195e-18      4.123     -4.334      1.128      0.008 --
3.93522e-01 3.45500e-15      4.792     -3.651      1.158     -0.076 --
5.98083e-01 6.32530e-15      2.700     -5.870      1.157      0.242 --
3.37321e-01 9.32243e-16      3.291     -5.320      1.375      0.276 --
9.21460e-01 4.49522e-15      5.837     -2.723      1.722      0.058 --
3.33254e-01 3.79041e-14      5.195     -3.299      1.404     -0.026 --
3.09905e-01 9.36091e-17     14.053      5.374      3.208     -0.439 --
3.37813e-02 2.90000e-20      1.722     -6.840      0.886      0.247 --
1.36668e+00 8.71400e-16      4.140     -5.473      2.849      1.041 --
1.26186e+00 1.72922e-15      4.427     -6.869      3.821      1.745 --
4.14111e-01 3.72129e-17      3.160     -5.492      1.420      0.314 --
9.02316e-01 2.53000e-15      7.555     -1.556      3.346      0.661 --
1.65601e+00 8.94533e-13      6.129     -2.433      1.773      0.003 --
1.91513e+00 5.37300e-15      4.540     -3.950      1.299     -0.000 --
1.36282e+00 1.74725e-15      2.872     -6.008      1.663      0.503 --
1.78704e+00 2.34600e-15      7.776     -2.448      4.883      1.568 --
5.91418e-01 7.98186e-16      7.861     -3.890      6.066      2.384 --
4.99076e-01 1.90000e-17      4.611     -4.064      1.806      0.258 --
8.34839e-01 1.35000e-16      3.826     -4.751      1.421      0.167 --
1.48895e-01 1.77809e-14     15.672      6.263      5.763      0.585 --
9.74700e-01 3.55315e-16     16.079      6.648      5.897      0.585 --
2.07104e+00 8.47633e-14      6.405     -2.216      2.002      0.051 --
2.14771e-01 9.06891e-16      4.754     -3.760      1.410     -0.002 --
8.31156e-01 1.88525e-15     14.878      6.054      3.899     -0.329 --
1.87427e+00 1.35439e-15      3.261     -5.092      0.528     -0.232 --
4.56512e-01 4.56314e-16      3.637     -4.792     -0.501     -0.792 --
7.52907e-01 2.26734e-16      2.000     -6.680      1.133      0.330 --
7.59778e-01 1.13148e-15      5.263     -3.674      2.467      0.494 --
2.79829e-01 1.37862e-15      5.352     -3.264      1.810      0.099 --
1.84653e+00 3.65178e-14      9.272      0.436      3.105      0.150 --
6.17107e-01 9.60051e-15      5.873     -2.699      1.765     -0.011 --
1.62541e+00 4.51508e-15      8.153     -0.466      2.251     -0.133 --
1.63679e+00 2.78625e-16     10.149      1.555      2.391     -0.388 --
5.44000e-03 3.37500e-18      8.020     -0.369      0.386     -1.103 HE
3.78596e-01 2.99000e-17      8.020     -0.369      0.387     -1.103 --
4.05936e-01 2.24000e-16      8.020     -0.369      0.387     -1.103 --
6.09129e-03 -1.78099e-20      8.020     -0.369      0.387     -1.103 --
2.84057e-01 2.92709e-15      1.586     -6.732      0.058     -0.206 --
2.37331e-03 2.11786e-20      3.711     -4.654     -0.132     -0.649 NRAD
4.06592e-03 5.37279e-21      2.904     -6.083      1.799      0.556 HE
2.49947e+00 3.90653e-15      2.214     -6.363      1.055      0.223 --
2.23729e-01 2.82000e-17      3.176     -5.520      1.510      0.305 --
3.23302e-03 9.14480e-21      3.534     -5.080      1.444      0.208 --
4.35759e-01 3.55447e-15      5.978     -2.676      2.026      0.086 --
3.62492e-01 5.37927e-15      4.457     -4.092      1.470      0.039 --
1.39660e+00 6.07000e-16      4.693     -3.827      1.420     -0.030 --
3.59394e-01 3.92272e-16      4.548     -3.955      1.341     -0.050 --
4.12230e-01 7.57904e-16      6.073     -2.479      1.726     -0.091 --
1.89337e-01 5.23563e-15      3.700     -4.691      0.786     -0.185 --
1.16174e+00 3.00701e-16      4.597     -3.785      0.782     -0.343 --
1.50587e+00 1.73975e-15      8.965      0.519      1.403     -0.771 --
3.05432e-03 1.61886e-18      5.370     -3.007      0.725     -0.512 HE
3.93185e-03 0.00000e+00      5.370     -3.007      0.725     -0.512 HE
4.78428e-03 1.22818e-19      5.370     -3.007      0.725     -0.512 --
3.35287e-03 1.59209e-19      5.370     -3.007      0.725     -0.513 --
2.23320e-01 4.40160e-16      7.301     -1.096      0.900     -0.749 --
7.78950e-01 8.76166e-16      1.861     -6.696      0.926      0.212 --
4.55353e-03 6.80000e-21      3.861     -4.869      1.751      0.294 --
7.69021e-01 5.23554e-14      0.300     -8.021      0.110      0.033 --
1.92587e+00 1.90000e-15      2.750     -5.717      0.943      0.049 --
2.79206e-01 2.26632e-14      4.441     -4.050      1.284     -0.064 --
2.09314e+00 4.91036e-15      3.972     -4.563      1.345      0.035 --
1.10239e-01 1.20945e-13      1.550     -6.831      0.493      0.012 NRAD
1.01487e-01 7.52517e-14      3.608     -4.869      1.115     -0.028 HE
7.70620e-01 8.78410e-15      3.243     -5.206      0.970     -0.048 RRAT
3.82073e-01 1.08463e-15     14.925      6.014      4.202     -0.424 --
4.69576e-03 1.73600e-20      2.753     -5.592      0.407     -0.256 --
2.70503e-01 1.54466e-15      9.819      0.723      3.862      0.307 --
5.12548e-01 7.22676e-15      4.068     -4.521      1.506      0.074 --
2.45757e-01 1.00232e-15      5.023     -3.620      1.823      0.082 --
3.62756e-03 4.68823e-21      1.000     -7.499      0.583      0.164 --
1.52830e+00 1.74569e-15      3.849     -5.463      2.504      0.730 --
7.41640e-01 7.28600e-16      2.754     -6.323      1.843      0.558 --
2.69416e-01 1.45800e-15     12.118      2.695      5.075      0.473 --
1.53197e-01 6.13394e-16      4.014     -4.561      1.460      0.045 --
2.46333e-01 2.06988e-14      3.648     -4.885      1.283      0.017 --
7.20617e-02 1.47993e-14      4.770     -3.832      1.670      0.016 HE
8.60332e-01 9.91830e-16      7.951     -0.751      2.490     -0.170 --
5.14523e-01 1.26675e-15     17.964      9.247      3.526     -1.513 --
1.99147e-01 5.24698e-16      4.353     -4.560      2.199      0.380 --
4.10098e-02 5.25000e-20      0.909     -7.776      0.702      0.270 --
3.18404e-01 4.79766e-15      6.111     -2.703      2.450      0.166 --
8.29166e-01 -5.00000e-18      4.938     -3.700      1.796      0.035 --
3.07138e-01 5.55190e-15      5.937     -2.566      1.494     -0.346 --
3.45698e-01 2.36624e-16     10.252      0.578      5.074      0.758 --
4.57539e-01 6.28027e-15      3.547     -5.209      1.724      0.264 --
4.05094e-01 5.99299e-14      3.146     -5.359      1.118     -0.009 --
6.22155e+00 4.77498e-14      3.757     -4.774      1.297     -0.023 --
7.47188e-01 1.71400e-15     12.624      3.644      4.072     -0.340 --
7.71493e-01 7.61857e-17     10.101      1.309      3.093     -0.324 --
6.12133e-01 3.13630e-16      3.888     -4.727      1.532      0.053 --
3.00872e-01 8.56120e-14      4.171     -4.434      1.564      0.013 --
6.72668e-02 8.32385e-15      3.683     -4.883      1.374      0.008 HE
2.85794e+00 5.47244e-15      4.876     -3.708      1.637     -0.092 --
2.16568e+00 2.98764e-15      6.314     -2.324      2.025     -0.200 --
5.07945e-01 1.09473e-15     10.124      1.327      3.104     -0.393 --
5.33918e-01 1.55248e-15      1.120     -7.345      0.579      0.109 --
7.44321e-01 3.70225e-14     10.215      0.971      4.285      0.188 --
6.47326e-01 6.38962e-14      5.200     -3.523      2.054      0.039 --
2.71911e-03 8.27392e-21      2.083     -6.384      0.818      0.030 --
3.30354e-01 4.20203e-15      4.690     -3.939      1.725     -0.036 --
2.91931e-01 2.75480e-15     13.414      3.427      6.477      0.713 --
6.86739e-01 4.15618e-14      2.300     -6.264      1.067      0.112 --
1.52155e+00 1.27330e-15      9.389      0.164      4.059      0.201 --
4.83459e-01 1.23481e-14      6.829     -2.138      2.941      0.164 --
8.52913e-02 9.17765e-15      4.500     -4.170      1.786      0.019 --
6.18837e-02 2.02015e-13      4.100     -4.486      1.503     -0.049 HE
6.33640e-01 5.26768e-16      7.698     -1.126      2.787     -0.149 --
1.86607e-03 1.77349e-20      4.653     -3.785     -0.315     -1.055 HE
1.88944e+00 2.70000e-16      1.336     -7.174     -0.530     -0.460 --
5.20954e-01 1.05301e-17      3.351     -5.427      1.713      0.236 --
3.29532e-01 4.48591e-16      4.675     -4.281      2.373      0.295 --
2.90108e-01 7.19474e-17      2.503     -6.071      1.137      0.096 --
4.87914e-01 1.82830e-15      6.337     -2.587      2.742      0.115 --
3.17315e-01 6.04132e-16      8.355     -0.739      3.553      0.114 --
5.12995e-01 5.82145e-14      4.071     -4.589      1.674      0.041 --
7.88374e-01 3.24475e-14      4.867     -3.859      1.991      0.032 --
4.91142e-01 9.96000e-15      5.953     -2.849      2.394      0.009 --
6.10259e-01 7.04983e-18      6.123     -2.560      2.122     -0.178 --
3.58306e-01 4.69000e-17      3.406     -5.032      0.923     -0.233 --
1.46566e+00 1.93118e-15      8.116     -0.464      1.982     -0.703 --
5.11639e-03 7.00000e-21      3.456     -5.310      1.725      0.199 --
8.41865e-01 3.05820e-15      5.510     -3.423      2.558      0.190 --
1.08775e+00 4.73279e-16      8.790     -0.421      3.893      0.180 --
2.22179e+00 8.43000e-15     10.639      1.281      4.623      0.150 --
3.05830e-01 4.04560e-14      5.021     -3.753      2.129      0.061 --
8.46494e-01 4.85000e-16      6.143     -2.660      2.433     -0.050 --
8.59192e-01 2.13934e-14      5.043     -3.651      1.951     -0.059 --
2.35249e-01 1.18400e-17      5.062     -3.632      1.956     -0.054 --
6.21734e-01 9.69000e-16      4.881     -3.797      1.882     -0.054 --
1.45347e-01 4.38488e-15      4.215     -4.406      1.612     -0.058 --
3.79536e-01 4.32143e-17      3.633     -4.943      1.387     -0.047 --
3.02452e-01 5.92132e-15      2.906     -5.606      1.087     -0.048 --
1.65918e-01 2.05892e-14      3.160     -5.356      1.143     -0.066 --
6.70486e-01 1.73976e-15     19.573     10.363      5.741     -1.325 --
1.83029e-03 4.34223e-20      9.460      0.965      0.248     -1.869 HE
5.41178e-01 1.46144e-17      1.366     -7.255      0.862      0.203 --
1.73264e-01 1.50162e-15      0.300     -8.294      0.272      0.154 XINS
3.54238e-01 1.66096e-15      4.358     -4.423      1.989      0.100 --
4.57245e-01 1.30190e-15      8.312     -0.862      3.710      0.136 --
5.62721e-01 1.17995e-14      5.328     -3.371      2.018     -0.121 --
1.78756e-01 1.03658e-15      3.638     -4.872      1.204     -0.169 --
3.35434e-03 2.31800e-21      3.300     -5.079      0.562     -0.418 --
3.23227e-03 -4.80000e-22      3.300     -5.079      0.562     -0.417 --
4.18131e-01 2.27300e-17      5.504     -3.632      2.901      0.330 --
4.73513e-01 3.76680e-17      4.219     -4.733      2.240      0.274 --
1.96354e+00 6.19370e-15      6.603     -3.478      4.402      1.015 --
6.17038e-01 1.68638e-15      3.145     -5.598      1.603      0.169 --
2.72349e-01 2.18880e-15      6.650     -2.503      3.251      0.241 --
2.01065e-01 3.31268e-15      4.309     -4.427      1.889      0.043 --
9.63128e-02 4.48680e-14      4.768     -4.013      2.087      0.035 HE
1.90581e+00 7.72041e-16      4.137     -4.556      1.761      0.015 --
1.09920e+00 1.20900e-16      5.239     -3.512      2.124     -0.059 --
1.87602e+00 3.65142e-14      8.268     -0.539      2.822     -0.382 --
6.18361e-01 5.51761e-15      3.232     -5.191      0.822     -0.293 --
5.49161e-01 2.02781e-17      3.514     -5.864      2.464      0.611 --
1.90197e+00 2.67700e-15      1.541     -7.259      1.103      0.300 --
4.44426e-01 5.46000e-18      6.126     -3.023      3.104      0.259 --
3.80866e-01 1.16330e-13      6.629     -2.397      3.017      0.090 --
2.35311e-01 3.34223e-14      4.061     -4.659      1.799      0.028 --
9.27178e-01 7.73693e-17      4.545     -4.208      1.978      0.003 --
7.04982e-02 4.92000e-14      6.600     -2.330      2.815     -0.015 NRAD
1.21835e+00 3.08010e-15      4.135     -4.465      1.539     -0.133 --
4.88242e-01 4.00000e-17      8.397     -0.221      2.118     -0.838 --
9.33266e-01 5.94400e-15      6.074     -3.043      3.036      0.218 RRAT
1.26679e+00 4.76300e-15      6.228     -2.881      3.066      0.168 --
2.38782e-01 1.25190e-14      7.850     -1.409      3.757      0.155 --
2.67568e+00 4.76000e-15      4.042     -4.747      1.926      0.081 --
5.20940e-01 7.69411e-15      4.230     -4.566      1.987      0.069 --
1.49461e-01 8.09636e-16      4.483     -4.320      2.063      0.065 --
5.85319e-01 3.30779e-15      3.945     -4.790      1.800      0.038 --
4.84914e-01 1.31679e-16      2.531     -6.021      1.102      0.008 --
4.49548e-01 3.63768e-15      4.804     -3.966      2.072     -0.016 --
4.18975e-01 2.60227e-14      6.827     -2.044      2.725     -0.183 --
1.91143e+00 4.94697e-15      4.071     -4.490      1.413     -0.211 --
7.97478e-01 8.29434e-15      5.846     -3.444      3.237      0.362 --
6.86102e-01 1.03562e-17      6.211     -5.108      5.088      1.609 --
1.65286e+00 1.49482e-15      1.580     -8.199      1.442      0.665 --
4.22316e-01 1.12800e-14      4.557     -4.257      2.103      0.030 --
8.59368e-01 9.60216e-15      4.225     -4.514      1.875     -0.006 --
1.89335e+00 2.30300e-14      5.728     -3.149      2.505     -0.036 --
3.55779e-02 9.54402e-20      4.989     -3.803      2.160     -0.037 --
4.37869e-01 1.00000e-16     14.291      4.680      5.970     -0.325 --
9.55674e-01 2.35001e-15      5.744     -3.073      2.376     -0.121 --
1.09644e+00 2.42643e-15      4.201     -4.473      1.729     -0.080 --
5.30938e+00 2.36792e-14      5.450     -3.324      2.217     -0.143 --
9.40962e-01 6.40859e-15      9.981      0.971      3.663     -0.481 --
7.54470e-01 3.19717e-15     10.765      1.736      3.841     -0.606 --
6.59756e+00 6.35376e-15      0.721     -7.620      0.233     -0.027 RRAT
2.97728e-02 8.17278e-18      4.230     -4.761      2.308      0.233 --
3.81320e-01 1.09035e-15      1.664     -7.034      1.065      0.205 --
6.63332e-01 1.80775e-14      7.931     -1.439      3.977      0.173 --
1.65766e+00 3.35235e-16      4.170     -4.652      2.019      0.072 --
2.04106e-01 5.78629e-14      3.793     -4.964      1.805      0.045 --
1.86149e-01 6.39288e-15      4.399     -4.409      2.053      0.036 --
1.17890e+01 4.09157e-11      9.600      0.224      4.416     -0.002 AXP
9.12916e-01 3.47784e-14      4.969     -3.885      2.281      0.010 --
4.45810e-01 2.33242e-13      4.125     -4.626      1.874     -0.009 HE
1.33456e+00 6.41175e-16     14.207      5.071      4.678     -1.064 --
3.53603e-01 1.60000e-16      2.459     -6.729     -1.549     -1.059 --
3.08826e+00 2.95905e-14      5.039     -4.156      2.853      0.307 --
2.33326e-01 8.11499e-16      4.224     -4.865      2.443      0.299 --
3.13016e-01 7.60319e-17     16.256      4.499      9.925      1.423 --
4.71604e-01 2.15960e-16      6.430     -3.722      4.427      0.915 --
1.05423e+00 6.72173e-15      6.870     -2.368      3.464      0.130 --
4.04920e-01 4.51808e-15      8.642     -0.747      4.200      0.091 --
1.83994e+00 5.08148e-16      3.711     -5.034      1.762      0.028 --
5.26682e-01 2.19366e-14      3.605     -5.119      1.697      0.024 --
5.64475e-01 2.19856e-17      5.726     -3.173      2.547     -0.079 --
1.25547e+00 1.94000e-16      3.946     -4.721      1.656     -0.106 --
3.44650e-01 1.04747e-14      9.712      0.578      3.918     -0.364 --
1.26700e+00 3.75800e-15      6.032     -3.256      3.300      0.262 --
3.40654e+00 1.04000e-15      6.027     -4.527      4.564      1.149 --
8.80336e-01 7.77354e-15      3.328     -5.479      1.763      0.121 --
7.82598e-01 2.49271e-16      8.380     -1.141      4.352      0.203 --
6.69872e-01 2.46801e-15      7.647     -1.715      3.885      0.151 --
2.02753e+00 1.44294e-14      5.930     -3.169      2.972      0.090 --
1.32314e-01 1.03994e-15      5.798     -3.204      2.765      0.016 --
7.81934e-01 2.39065e-15      3.983     -4.796      1.893      0.004 --
7.54964e-01 8.54899e-16      4.890     -3.966      2.264     -0.030 --
6.71614e-01 3.89230e-15      4.068     -4.688      1.871     -0.022 --
1.91615e-01 2.13619e-15      4.284     -4.443      1.860     -0.092 --
4.75393e-01 1.33038e-14      7.052     -1.917      2.989     -0.200 --
2.03194e+00 4.13000e-15      5.008     -3.762      2.111     -0.152 --
5.36424e-01 1.71424e-14      4.338     -4.365      1.819     -0.132 --
1.84567e-03 9.55720e-21      1.300     -7.097      0.487     -0.054 HE
5.47133e-03 6.20900e-21      3.473     -5.025      1.114     -0.279 --
5.83550e-01 7.19988e-15     12.018      3.044      3.810     -1.084 --
4.18554e-03 1.07215e-20      4.357     -4.660      2.389      0.173 --
3.75465e-01 1.87230e-15      1.683     -7.133      1.189      0.262 --
6.41101e-01 6.09036e-15     10.440      0.580      5.486      0.230 --
5.07722e-01 1.67404e-14      4.900     -4.045      2.430      0.033 --
1.19863e+00 7.80900e-15      5.297     -3.685      2.600      0.034 --
5.25049e-01 1.02348e-14      5.972     -3.094      2.927      0.014 --
9.91030e-01 3.91456e-15      3.075     -5.588      1.448     -0.011 --
2.69443e-01 6.80259e-16      5.684     -3.270      2.647     -0.047 --
3.35163e-01 6.17837e-17      4.579     -4.245      2.126     -0.048 --
2.55704e-01 9.70563e-15      5.404     -3.489      2.459     -0.077 --
1.42165e+00 5.41877e-16      5.057     -4.321      3.099      0.394 --
2.07636e-01 8.86000e-15      5.063     -3.889      2.485     -0.010 --
4.86760e-01 1.13184e-14      4.092     -4.694      1.933     -0.041 --
1.09236e+00 1.35039e-14      5.473     -3.432      2.497     -0.117 --
3.40529e-01 4.49446e-15      9.407      0.126      4.173     -0.264 --
1.04695e-01 3.66691e-16      7.122     -1.874      3.056     -0.280 --
6.34354e-01 9.35311e-15      5.012     -3.751      2.092     -0.201 --
2.06221e-01 2.00552e-15      7.050     -1.792      2.666     -0.468 --
2.61892e+00 9.72294e-15      9.173      0.293      3.105     -0.787 --
4.34380e-01 1.12183e-14      3.998     -4.954      2.186      0.117 --
2.25552e-01 9.93056e-15      1.530     -7.144      0.993      0.166 NRAD
4.47672e+00 1.60587e-13      4.003     -4.823      1.984      0.002 RRAT
3.26571e-01 7.10745e-12      5.800     -3.263      2.875     -0.014 NRAD
4.76636e-01 1.63616e-15      6.468     -2.586      3.027     -0.124 --
2.33695e-02 1.01062e-18      5.165     -3.728      2.399     -0.097 --
3.50110e-01 1.26156e-15     13.987      4.323      5.991     -0.607 --
8.61380e-01 5.18700e-15      4.220     -4.491      1.806     -0.161 --
4.87884e+00 6.06000e-15     25.000      9.098    -14.282    -10.852 --
6.70705e+00 1.27495e-12      5.825     -3.315      3.013      0.028 --
5.97809e-01 5.16911e-14      3.410     -5.315      1.647     -0.039 --
2.59247e-01 5.90000e-18      3.966     -4.815      1.891     -0.062 --
9.57999e-01 1.09454e-14      4.432     -4.402      2.105     -0.084 --
3.40832e-01 2.83446e-17      8.516     -0.806      4.039     -0.200 --
7.78167e-01 4.63242e-15      4.308     -4.466      1.958     -0.126 --
1.91443e-01 6.73000e-17     11.771      1.209      6.923      0.482 --
2.21861e+00 3.74752e-15     12.416      1.462      7.642      0.716 --
5.05957e-01 8.75160e-15      1.128     -7.421      0.704      0.096 --
3.28665e-01 2.72100e-16      3.840     -5.373      2.469      0.315 --
2.23377e+00 1.68130e-15      3.211     -6.100      2.303      0.436 --
5.37625e-01 1.60585e-15      1.154     -7.324      0.616      0.033 --
2.74557e-01 1.34933e-15      7.399     -2.011      3.899      0.029 --
6.59436e-01 5.25189e-15      4.400     -4.542      2.288      0.018 --
1.63713e+00 8.86339e-15      8.799     -0.531      4.122     -0.253 --
2.25004e-01 2.87106e-16     15.698      5.649      7.176     -0.581 --
1.31222e+00 1.43384e-15      5.647     -3.083      2.109     -0.449 --
4.14383e-01 4.40500e-16      3.149     -5.377      1.135     -0.261 RRAT
2.97770e-01 1.40891e-17      5.268     -3.374      1.784     -0.525 --
4.30819e+00 2.32820e-14      0.751     -7.582      0.190     -0.083 --
5.25650e-01 1.31274e-14      3.970     -4.960      2.146      0.049 --
1.31843e+00 8.78234e-14      5.844     -3.392      3.173      0.058 --
1.83226e+00 1.70080e-14      4.587     -4.486      2.548      0.082 --
5.42155e-01 2.79677e-14      4.648     -4.449      2.601      0.099 --
7.61194e-01 2.15867e-14      1.960     -6.723      1.161      0.105 --
4.21126e-01 1.13700e-16      5.928     -3.554      3.543      0.265 --
3.51893e-02 4.95315e-20      3.190     -5.923      2.109      0.302 --
2.75641e-01 1.52582e-16      3.976     -6.046      3.184      0.795 --
5.19263e-01 1.79800e-16      6.068     -4.996      4.937      1.264 --
4.91754e-01 1.72224e-14      4.875     -4.188      2.619      0.042 --
6.72481e-01 1.11430e-14      7.939     -1.573      4.216      0.033 --
6.68422e-01 2.20552e-14      1.195     -7.264      0.594     -0.001 --
9.53384e-01 5.40929e-14      3.506     -5.185      1.600     -0.134 --
1.45136e+00 4.62425e-14      3.846     -4.870      1.731     -0.152 --
1.08184e+00 3.55470e-16      4.047     -4.915      2.219      0.041 --
3.55976e-03 1.08978e-20      3.385     -5.495      1.894      0.075 --
4.47986e-03 1.62560e-19     12.311      1.750      7.106      0.296 --
2.90716e-01 9.14000e-17      8.234     -1.704      4.919      0.326 --
3.45583e-01 1.49243e-15      2.169     -6.775      1.524      0.262 --
8.93355e-01 6.46240e-15      5.710     -3.497      3.088      0.041 --
2.19150e+00 4.32000e-15      5.831     -3.397      3.156      0.021 --
1.57474e+00 2.40214e-14      5.747     -3.451      3.085      0.027 --
1.66634e-01 3.91020e-14      6.711     -2.634      3.597      0.016 --
7.34185e-01 1.26348e-15      6.502     -2.808      3.481      0.005 --
9.06977e-01 1.36705e-13      5.662     -3.614      3.179      0.062 --
3.44018e-01 2.18440e-15     12.652      2.039      7.288      0.265 --
4.49132e+00 2.25680e-14     11.114      0.768      6.423      0.240 --
2.84698e-01 1.08902e-15      4.089     -5.024      2.443      0.162 --
1.20531e+00 1.13490e-14      2.644     -6.424      1.844      0.294 --
5.18724e-01 4.70772e-15      5.494     -3.669      2.955     -0.020 --
1.40907e+00 8.52718e-16      0.967     -7.481      0.514      0.019 --
9.53182e-01 2.48308e-15      5.214     -3.870      2.748     -0.035 --
4.35194e-01 7.96325e-15      7.922     -1.477      4.022     -0.159 --
1.92030e+00 2.39765e-15      6.199     -2.791      2.821     -0.320 --
4.67894e-01 5.67891e-15      4.319     -4.686      2.365     -0.001 --
9.57751e-01 1.40336e-14      5.581     -3.634      3.063     -0.005 --
3.18763e-01 2.70998e-14      5.245     -3.917      2.881      0.005 --
2.18020e+00 9.69549e-14      8.000     -1.631      4.418      0.008 --
1.04913e-01 8.68000e-18     10.000      0.023      5.544      0.007 NRAD
1.32615e+00 1.02003e-16      6.389     -3.119      3.737      0.140 --
1.92067e+00 2.51967e-13      5.776     -3.460      3.151     -0.017 --
3.55429e-01 1.64600e-16      4.524     -4.492      2.442     -0.014 --
1.36901e+00 7.91540e-15      4.731     -4.312      2.545     -0.026 --
8.02905e-01 3.78300e-16      4.883     -4.179      2.619     -0.027 --
4.51473e-01 1.76005e-15      4.723     -4.289      2.493     -0.051 --
4.28980e-01 5.15856e-15      5.715     -3.439      3.003     -0.069 --
5.24159e-01 1.46283e-14      4.570     -4.244      2.087     -0.252 --
3.01969e+00 9.82980e-15     13.545      4.005      5.549     -1.095 --
4.31466e-03 1.01928e-20      1.266     -7.127      0.457     -0.113 HE
3.36337e-01 8.70525e-17      2.459     -5.928      0.395     -0.489 --
3.97889e-01 3.35289e-14      5.815     -3.442      3.196     -0.026 --
9.28596e-01 1.14220e-15      4.715     -4.365      2.597     -0.022 --
5.76939e-01 6.50000e-17      4.015     -4.950      2.213      0.001 --
1.87676e+00 2.43100e-15      4.163     -4.832      2.303      0.002 --
2.75578e-01 2.13856e-14      3.841     -5.116      2.149      0.014 --
5.85553e-01 1.12250e-16      5.797     -3.599      3.391      0.109 --
1.32066e+00 2.64500e-15     15.732      4.233      9.502      0.401 --
9.05137e-01 1.28061e-15      8.370     -1.676      5.110      0.291 --
1.26400e-01 6.12482e-16      6.545     -3.170      4.059      0.246 --
3.91466e+00 5.13372e-15     14.400      2.537      9.442      0.900 --
4.09180e-03 8.71714e-21      1.887     -6.968      1.325      0.199 --
1.01437e-01 5.57172e-15      5.339     -3.827      2.914     -0.031 HE
1.04813e+00 1.55000e-15      1.285     -7.158      0.584     -0.056 --
2.14943e-03 -2.39319e-21      7.400     -1.633      3.160     -0.552 --
7.67280e-01 5.77500e-16      5.720     -3.561      3.203     -0.023 --
4.55782e+00 1.45125e-13      4.499     -4.660      2.644      0.081 RRAT
1.36645e+00 1.85000e-15      6.892     -2.739      4.071      0.108 --
6.28541e-01 5.51000e-17      9.524     -0.613      5.621      0.159 --
5.73197e-01 6.38875e-16     13.824      1.805      9.382      1.012 --
7.16856e-01 2.26237e-15      6.980     -2.431      3.775     -0.112 --
1.27995e+00 1.84354e-15      8.723     -0.653      4.168     -0.458 --
5.44021e-01 1.20000e-15      5.014     -3.902      2.390     -0.270 --
1.14659e+00 4.16118e-15      6.917     -1.873      2.398     -0.862 --
3.45312e+00 4.52000e-15     10.895      1.896      3.516     -1.513 RRAT
2.46817e-01 6.46600e-17      7.042     -2.551      4.067      0.009 --
9.83030e-01 2.15000e-17      2.989     -5.874      1.746      0.029 --
1.63357e+00 7.00290e-15      7.477     -2.264      4.413      0.070 --
8.45358e-01 1.80501e-14      5.927     -3.515      3.498      0.067 --
1.67811e+00 9.29293e-16     10.949      0.407      6.636      0.200 --
1.39348e+00 2.67207e-13     11.642      0.843      7.201      0.331 --
2.58685e-01 7.51553e-16     10.596     -0.143      6.750      0.433 --
3.45401e-01 2.38914e-16      6.114     -2.771      2.546     -0.549 --
3.59409e-03 1.09000e-20      5.127     -3.537      1.768     -0.664 HE
6.20217e-01 1.22171e-15      6.543     -2.904      3.699     -0.065 --
2.67440e-01 2.08360e-13      3.300     -5.583      1.872     -0.010 HE
9.89009e+00 7.80000e-16      3.338     -5.583      1.939      0.004 --
8.09067e-02 6.21170e-14      6.318     -3.189      3.714      0.017 --
4.20252e-01 3.70885e-17      6.252     -3.315      3.773      0.092 --
2.17070e+00 2.62830e-15      9.732     -1.044      6.467      0.523 --
3.70484e-01 1.65968e-15      4.037     -4.764      1.931     -0.236 --
7.05520e+00 2.97660e-14      0.160     -8.147     -0.004     -0.021 XINS
3.56929e-01 5.45851e-17      2.512     -6.228      1.420     -0.015 --
1.39760e-01 3.11674e-14      4.569     -4.565      2.632     -0.031 HE
6.30983e-01 1.40344e-14      7.259     -2.397      4.224     -0.042 --
4.15857e-01 4.02454e-14      8.000     -1.797      4.659     -0.049 --
3.33918e-01 1.60590e-15      7.758     -1.990      4.514     -0.026 --
8.75874e-01 6.15000e-17      5.299     -3.999      3.095     -0.003 --
7.72678e-01 2.64890e-15      6.665     -2.927      3.943      0.018 --
3.49951e-01 6.93110e-15     12.257      1.299      7.618      0.250 --
5.02924e-01 4.73742e-15     13.101      1.604      8.559      0.554 --
5.36210e-03 1.78413e-20      1.200     -7.413      0.806      0.088 --
3.68722e+00 1.05500e-14      4.046     -4.634      1.654     -0.412 --
7.45828e-01 4.61139e-15      7.228     -2.432      4.220     -0.054 --
1.97644e-01 1.40000e-14      5.859     -3.565      3.451     -0.020 --
4.69323e+00 2.43172e-14      5.077     -4.202      2.997     -0.024 --
8.67444e-01 1.02500e-16      4.778     -4.470      2.856      0.007 --
2.56844e-01 2.04010e-15      5.489     -3.921      3.310      0.030 --
5.51059e-01 5.06000e-15     10.144      0.703      4.581     -0.900 --
2.38401e-03 3.80000e-21      0.921     -7.423      0.212     -0.158 HE
2.35550e-03 4.11689e-21      1.208     -7.241     -0.343     -0.442 HE
1.51151e+00 6.47800e-16      6.251     -3.319      3.777      0.010 --
3.36325e-01 5.30000e-17      8.942     -1.236      5.483      0.058 --
1.04431e+00 2.55089e-14      6.436     -3.316      4.071      0.112 --
5.08561e-01 1.58950e-15      9.005     -1.329      5.699      0.151 --
9.33972e-01 3.92550e-15      4.115     -5.537      3.028      0.390 --
1.39373e+00 5.05045e-17      5.980     -9.986      5.105      2.646 --
3.74262e-01 5.70512e-15      4.529     -4.645      2.673     -0.058 --
4.90924e-03 5.90465e-21      4.801     -4.456      2.876     -0.041 --
3.12314e-01 3.23040e-15      6.988     -2.798      4.309      0.030 --
3.89872e-01 5.12381e-15      8.595     -1.698      5.502      0.155 --
4.34113e+00 9.04770e-15     10.079     -5.398      9.227      2.861 --
3.85194e-01 1.42454e-16      4.229     -4.767      2.316     -0.166 --
1.83233e+00 3.04896e-14      4.848     -4.219      2.606     -0.216 --
1.42389e+00 2.31739e-16     10.062      0.729      4.292     -1.114 --
6.12209e-01 2.04534e-16      0.700     -7.631      0.122     -0.138 --
1.27919e+00 1.86000e-15      2.375     -6.826     -1.513     -1.058 --
3.18819e-01 3.24930e-15      6.600     -2.922      3.820     -0.184 --
2.88221e-01 2.35749e-15      3.229     -5.683      1.889     -0.059 --
8.85240e-01 2.30340e-14      7.544     -2.227      4.473     -0.131 --
1.29969e+00 4.56085e-16      4.300     -4.850      2.566     -0.048 --
7.79678e-03 4.57139e-20      5.304     -4.054      3.178     -0.077 --
6.36584e-01 5.22759e-16      5.909     -3.581      3.556     -0.052 --
6.55456e-01 7.45941e-15      7.000     -2.726      4.233     -0.069 --
5.54756e-01 1.27410e-14      6.687     -3.001      4.078     -0.042 --
2.66308e+00 1.31627e-13      5.315     -4.101      3.258     -0.008 --
6.90576e-01 8.67473e-15      8.725     -1.440      5.392     -0.018 --
8.77044e-01 1.56820e-14     12.064      1.143      7.508      0.015 --
6.14757e-01 3.10995e-14      5.954     -3.656      3.726      0.015 --
4.60037e+00 2.53380e-14      5.831     -3.750      3.647      0.021 --
8.32002e-01 1.79979e-17      3.227     -5.817      2.061      0.062 --
7.57439e-02 2.16864e-19      3.823     -5.383      2.471      0.083 --
6.44001e-01 2.28719e-15      3.400     -5.717      2.211      0.081 --
1.83086e+00 1.31000e-16      2.499     -6.560      1.787      0.182 --
2.79336e-03 3.57606e-20      2.361     -6.319      1.278     -0.099 HE
3.55727e-01 2.29150e-15      3.773     -5.080      1.950     -0.223 --
8.01693e-01 2.57085e-15      8.447     -1.088      4.361     -0.537 --
1.78193e+00 1.63829e-15      2.000     -6.514      0.871     -0.203 --
1.95686e+00 8.23000e-16      0.894     -7.464      0.274     -0.132 --
4.15394e-01 9.48000e-17      6.067     -3.425      3.608     -0.125 --
1.22378e+00 2.40520e-15      5.945     -3.537      3.555     -0.118 --
7.46577e-01 1.28752e-14      3.600     -5.522      2.290      0.031 --
6.73507e-01 7.71026e-15      7.000     -2.923      4.482      0.051 --
4.87813e-01 2.10000e-16      3.328     -5.779      2.172      0.076 --
4.09140e-01 2.59192e-15     13.888      1.588      9.727      0.718 --
1.52467e+00 1.99918e-15      4.049     -4.838      2.077     -0.281 --
7.86814e-01 7.53681e-15      4.073     -4.632      1.689     -0.502 --
1.74240e-03 9.19926e-21      1.646     -6.827     -0.377     -0.604 HE
7.29308e-01 4.02502e-15      3.300     -5.623      1.926     -0.094 --
2.14991e-03 1.88208e-20      7.000     -2.736      4.245     -0.115 --
1.15140e+00 2.26800e-16      7.598     -2.321      4.687     -0.089 --
3.74129e-01 1.92436e-14      5.874     -3.777      3.748      0.023 --
7.91232e-01 1.05950e-14      5.922     -3.797      3.846      0.052 --
1.53150e-01 9.19610e-17      4.308     -5.105      2.889      0.114 --
1.23188e+00 2.71523e-14      2.679     -6.314      1.797      0.089 --
1.66314e-01 1.48383e-14     11.853      0.434      8.008      0.307 --
3.57155e-01 3.68992e-14      6.256     -3.707      4.244      0.181 --
6.51185e-01 4.45000e-16      5.755     -4.973      4.638      0.760 --
3.01459e-01 6.79127e-16      4.069     -4.846      2.130     -0.271 --
4.31889e-01 3.38071e-15     12.449      2.585      5.907     -1.240 --
8.87325e-01 1.33000e-15      2.612     -5.976      1.153     -0.281 --
3.59790e-03 1.04336e-20      0.930     -7.625     -0.485     -0.390 HE
1.39525e-01 1.18029e-16      6.355     -3.067      3.591     -0.302 --
4.38089e-01 4.00000e-18      4.242     -4.838      2.445     -0.161 --
7.10949e-02 1.10000e-19      4.590     -4.692      2.836     -0.064 --
6.09237e-03 5.71601e-21      4.401     -4.871      2.758     -0.045 --
2.08959e-01 4.10735e-16      6.156     -3.667      4.053      0.085 --
2.63356e-01 1.72917e-14     10.987     -0.071      7.279      0.166 --
6.19743e-03 1.00900e-20      5.925     -3.923      3.992      0.124 --
1.85657e+00 2.76093e-16      5.602     -4.234      3.849      0.196 --
3.79387e-01 8.89804e-16      5.192     -3.948      2.808     -0.335 --
7.50809e-01 7.42462e-16      7.274     -1.695      2.845     -1.068 --
1.54141e+00 3.19000e-15     25.000     14.856      8.246     -4.532 --
3.78440e-03 4.90519e-21      1.062     -7.464      0.655      0.000 --
4.41210e-01 1.10623e-15      8.781     -1.558      5.625     -0.037 --
9.89797e-01 1.35183e-13      4.952     -4.510      3.188      0.000 --
2.51176e+00 3.87000e-16      1.043     -7.510      0.681      0.024 --
6.48044e-01 4.94169e-15      4.969     -4.547      3.256      0.020 --
1.19265e+00 4.59000e-17      4.766     -4.740      3.169      0.053 --
2.18254e-01 3.49904e-15     11.559      0.214      7.816      0.212 --
1.63450e+00 1.50080e-15     12.449      0.794      8.498      0.277 --
1.72681e+00 2.06980e-14      6.910     -3.324      4.791      0.222 --
6.43184e-01 3.05913e-15      7.628     -1.967      4.223     -0.466 --
2.78955e-03 3.32000e-21      4.477     -4.661      2.597     -0.219 --
1.04336e+00 1.14608e-14     10.044     -0.441      6.247     -0.263 --
2.08328e-03 2.98161e-21      4.092     -5.123      2.577     -0.067 --
3.97590e-01 5.21520e-15      3.091     -5.908      1.957     -0.039 --
2.67277e-01 2.13563e-15      7.000     -2.986      4.556     -0.027 --
1.28656e+00 1.52283e-16      4.966     -4.535      3.238      0.002 --
1.53649e+00 2.99900e-15      6.918     -3.096      4.559      0.019 --
1.44073e-01 2.02678e-14      7.400     -2.766      4.913      0.028 --
5.71891e-02 1.16000e-19      2.468     -6.458      1.643      0.032 --
7.75345e-01 1.22276e-16      7.445     -2.841      5.062      0.124 --
1.01909e+00 2.05400e-16      6.721     -4.132      5.238      0.629 --
2.87635e-03 3.91331e-21      6.780     -1.995      2.102     -1.315 --
3.51879e-01 1.13542e-15      8.749     -1.348      5.298     -0.350 --
6.18761e-01 2.23000e-16      8.217     -1.773      4.980     -0.309 --
2.40153e-01 8.22195e-15      9.482     -0.840      5.845     -0.294 --
1.13840e+00 3.14918e-15     11.859      0.820      7.577     -0.207 --
1.06633e-01 8.68208e-14      2.370     -6.490      1.529     -0.016 HE
3.23648e-01 4.52155e-13      3.400     -5.715      2.209     -0.010 --
3.63686e-01 1.84349e-14      4.994     -4.560      3.309     -0.004 --
5.74698e-01 6.65758e-16      5.833     -3.939      3.874      0.002 --
1.67628e-01 3.69542e-15      8.309     -2.167      5.606      0.045 --
1.52704e+00 5.54460e-15      4.988     -4.635      3.383      0.073 --
2.26107e-01 9.42955e-14      8.221     -2.290      5.609      0.112 --
1.42016e+00 1.59787e-13      7.622     -2.940      5.414      0.253 --
8.27097e-01 1.94800e-15     10.526     -1.006      7.578      0.439 --
1.23576e+00 5.40707e-16      2.460     -7.520      2.254      0.628 --
1.76578e+00 7.38521e-15      4.255     -4.502      1.815     -0.597 --
6.32235e-01 3.08400e-15      3.475     -5.105      1.208     -0.611 --
4.70232e-03 5.26925e-20      2.630     -6.180      1.550     -0.121 --
8.46793e-01 9.80000e-16     10.954      0.177      6.931     -0.281 --
2.91023e-01 2.59242e-15      5.841     -3.781      3.698     -0.131 --
1.68678e-01 2.27960e-15     10.617     -0.185      6.843     -0.175 --
2.12353e-01 8.21606e-16      0.669     -7.800      0.444      0.022 --
5.12111e-01 1.98720e-15     11.320      0.050      7.643      0.034 --
1.85397e-01 2.38646e-15      8.283     -2.199      5.602      0.040 --
3.36578e-01 3.48316e-14      8.862     -1.816      6.040      0.082 --
8.30270e-01 8.41694e-17      5.560     -4.245      3.804      0.049 --
3.17483e+00 3.70000e-15      6.845     -3.653      5.018      0.317 --
2.56439e-03 1.38348e-20      2.601     -6.767      2.085      0.284 HE
3.77578e-01 1.70000e-17      5.405     -5.310      4.454      0.686 --
1.01695e+00 5.51862e-15      4.358     -4.745      2.501     -0.287 --
9.89836e-01 5.52538e-15      4.500     -4.740      2.743     -0.198 --
7.55993e-01 2.05806e-14      9.338     -1.214      6.078     -0.193 --
7.41762e-01 3.22390e-15      1.325     -7.299      0.868      0.002 RRAT
2.37161e-01 1.51920e-13      8.286     -2.134      5.534     -0.042 --
2.22972e-01 3.59246e-14      7.630     -2.735      5.219      0.043 --
2.83643e-01 2.64029e-15      4.800     -4.896      3.384      0.099 --
4.48945e-01 7.25000e-17      7.125     -3.306      5.080      0.187 --
1.22931e+00 3.40000e-15     10.130     -1.237      7.257      0.264 --
9.96108e-01 2.19000e-16      4.411     -5.362      3.283      0.235 --
5.42451e-01 9.70000e-17      2.447     -6.793      1.918      0.225 --
2.94711e-03 1.40254e-20      1.140     -7.227     -0.005     -0.359 --
3.37855e-01 2.61269e-16      8.002     -1.939      4.834     -0.420 --
2.33027e+00 4.47112e-15      2.859     -6.068      1.782     -0.097 --
6.64679e-01 1.72366e-14     11.322      0.472      7.145     -0.409 --
3.08048e-01 7.52886e-16     11.216      0.307      7.181     -0.360 --
4.52867e-01 1.92373e-15     20.635      7.486     13.274     -0.625 --
5.38647e-01 2.05000e-16      5.974     -3.824      3.955     -0.079 --
2.71243e+00 6.13074e-15      3.688     -5.539      2.444     -0.038 --
3.25421e-01 8.30827e-15      6.236     -3.648      4.151     -0.072 --
4.11159e-01 5.41520e-15     13.676      1.496      9.543      0.118 --
5.31493e-01 2.57067e-13     15.894      3.051     11.125      0.130 --
1.44175e+00 8.22982e-15      8.125     -2.678      5.863      0.234 --
4.98358e-03 9.67982e-21      2.778     -6.391      2.016      0.108 --
1.36060e+00 1.77719e-16      6.391     -3.022      3.562     -0.518 --
5.04606e-01 2.19281e-15     14.416      3.823      7.661     -1.439 --
5.57609e-01 5.96080e-16      3.822     -5.008      1.884     -0.442 --
2.33237e-03 3.69916e-20      0.995     -7.431     -0.255     -0.384 --
3.26619e-03 -2.92377e-21      4.120     -4.901     -1.478     -1.773 --
8.35780e-03 -7.90410e-19      4.120     -4.899     -1.482     -1.766 --
5.27733e-03 2.16000e-21      4.120     -4.901     -1.483     -1.768 --
9.03529e-03 9.64310e-19      4.120     -4.899     -1.482     -1.766 --
4.57177e-03 -4.34350e-19      4.120     -4.899     -1.482     -1.766 --
8.48549e-03 7.41220e-19      4.120     -4.899     -1.482     -1.766 --
3.61852e-03 -6.58000e-21      8.400     -1.532      4.939     -0.569 --
5.38433e-03 -2.00000e-21      8.400     -1.531      4.939     -0.570 --
2.73707e-01 1.75100e-17      6.419     -3.650      4.425     -0.011 --
3.23858e-01 3.54800e-15      8.146     -2.406      5.623     -0.024 --
1.90873e-01 1.21655e-14     10.116     -1.133      7.139      0.092 --
1.01046e+00 1.88990e-15     11.645     -0.329      8.485      0.314 --
2.99992e-01 1.58600e-16     10.419     -1.246      7.662      0.315 --
4.62596e-03 1.69240e-20      2.500     -6.612      1.843      0.100 --
4.60406e-01 1.31000e-17      1.953     -7.079      1.520      0.150 --
3.62575e-03 1.39500e-20      1.069     -7.346      0.448     -0.154 --
4.09349e-01 1.57620e-14      4.154     -5.352      2.927      0.028 --
2.23297e+00 1.01775e-14      3.366     -6.332      2.716      0.313 --
6.21976e-01 2.25000e-16      2.150     -7.166      1.808      0.287 --
2.50680e-02 2.85925e-20      9.446      0.049      4.150     -1.489 --
1.61613e+00 2.78904e-13      4.338     -4.969      2.770     -0.195 --
6.61997e-01 1.79690e-15     16.100      3.976     10.392     -0.686 --
5.02686e-03 9.61245e-21      5.862     -3.881      3.846     -0.188 --
1.25718e+00 2.82900e-15      5.068     -4.515      3.366     -0.137 --
1.34412e-01 4.56976e-15      8.204     -2.299      5.592     -0.116 --
1.63251e-01 1.76203e-14      3.040     -6.095      2.093     -0.016 HE
1.24196e+00 4.32000e-16      4.337     -5.182      3.014     -0.025 --
8.37158e-01 1.67198e-14      7.671     -2.809      5.356     -0.017 --
3.59109e-02 3.38161e-15      4.609     -5.012      3.230      0.003 HE
1.90067e-01 1.95460e-16      5.446     -4.455      3.857      0.022 --
2.72850e-02 1.60806e-19      7.139     -3.274      5.070      0.035 --
9.23872e-01 3.40400e-16     11.411     -0.272      8.109      0.031 --
3.06072e-01 5.01425e-15     13.830      1.321      9.935      0.111 --
9.23391e-01 8.67761e-15      6.179     -4.120      4.549      0.162 RRAT
5.21473e-01 8.04866e-16      5.400     -4.679      4.004      0.165 --
8.51079e-01 1.37776e-15      7.585     -5.649      6.928      1.612 --
8.25940e-01 4.06806e-15      4.041     -4.876      2.084     -0.485 --
4.57527e-01 1.01812e-15     14.316      3.006      8.720     -1.018 --
8.78889e-01 4.53100e-16      8.344     -2.030      5.496     -0.298 --
6.93811e-01 9.96444e-18      1.792     -6.956      1.183     -0.042 --
1.85118e-02 3.10000e-20      8.468     -1.990      5.640     -0.266 --
4.55499e-01 3.02000e-17     10.671     -0.462      7.236     -0.242 --
4.40040e-01 5.86395e-16      8.070     -2.423      5.528     -0.150 --
6.00998e-01 6.53250e-16      3.151     -6.096      2.252      0.031 --
1.15952e+00 2.18140e-15      6.514     -3.981      4.874      0.182 --
4.59114e-01 5.90201e-18      3.415     -6.567      2.913      0.441 --
3.17306e-01 2.98763e-16     10.222     -0.249      6.252     -0.733 --
6.44140e-01 1.84350e-15      8.881     -1.671      5.898     -0.361 --
1.54271e+00 3.29694e-15      1.404     -7.265      0.947     -0.021 --
2.05831e+00 1.39000e-16      3.521     -5.710      2.383     -0.081 --
3.42778e-01 1.57234e-15     10.840     -0.419      7.438     -0.244 --
4.04554e-01 1.52518e-14      7.000     -3.326      4.924     -0.069 --
1.73647e-01 1.53100e-17      7.150     -3.345      5.154      0.021 --
1.00041e-01 1.36710e-14     14.003      1.398     10.102      0.039 --
2.97494e-01 4.89420e-17      7.128     -3.556      5.319      0.161 --
5.90300e-02 8.61832e-18      4.167     -5.621      3.188      0.173 --
1.61623e+00 4.05495e-16      2.194     -6.907      1.693      0.117 --
5.41752e-01 1.07080e-14     11.778      0.339      7.993     -0.422 --
8.67880e-01 1.98100e-16      6.455     -3.568      4.383     -0.222 --
4.39997e-01 2.90013e-15     11.006     -0.325      7.579     -0.286 --
2.18275e+00 1.31020e-14      9.387     -1.513      6.480     -0.232 --
2.70257e-01 2.51850e-15      1.903     -6.944      1.335     -0.011 --
1.61834e+00 6.80945e-16      7.894     -2.722      5.584     -0.100 --
6.28970e-01 3.47735e-17      8.147     -2.550      5.770     -0.082 --
2.27387e-01 2.34516e-14      6.487     -3.860      4.730      0.038 --
2.81846e-01 3.65958e-15      4.500     -5.264      3.322      0.053 --
1.13745e+00 3.46960e-15      7.946     -4.937      7.082      1.318 --
1.24862e+00 1.24410e-15      1.600     -6.796      0.218     -0.474 --
8.13453e-01 4.48500e-17      8.231     -2.263      5.585     -0.310 --
2.12968e+00 1.74930e-14      1.231     -7.409      0.848     -0.017 --
1.94637e-01 7.19827e-15      8.000     -2.974      5.969      0.097 --
3.34725e-01 3.24000e-16      5.530     -4.862      4.326      0.249 --
4.25897e-01 2.86494e-15      4.960     -5.518      4.089      0.412 --
8.56749e-01 2.25790e-15      6.187     -4.141      4.580      0.019 --
1.18120e+00 2.12428e-13      1.305     -7.445      0.986      0.044 HE
3.70883e-01 2.54300e-15      0.742     -7.822      0.567      0.043 --
7.64587e-03 2.56914e-20      1.333     -7.161      0.659     -0.188 --
7.98693e-01 8.65300e-16      2.966     -5.690      1.287     -0.546 --
1.27227e+00 7.67507e-15      5.600     -3.827      3.312     -0.588 --
1.60398e+00 5.81342e-16     14.371      3.031      8.724     -1.403 --
5.71400e-01 3.78771e-15     13.026      0.434      9.664     -0.021 --
5.62790e-01 2.16100e-16      5.414     -4.890      4.203      0.171 --
2.08134e+00 1.70500e-15      4.077     -5.785      3.206      0.160 RRAT
6.51512e-01 5.45866e-16      6.099     -5.223      5.228      0.654 --
2.21580e+00 6.47600e-15     10.266     -1.145      7.355     -0.281 --
5.09886e-01 1.55990e-16      6.135     -4.051      4.423     -0.115 --
7.85522e-01 3.43570e-17      1.722     -7.445      1.484      0.205 --
1.03782e+00 3.92800e-16      6.186     -2.913      2.796     -1.168 --
2.49637e-03 1.93500e-20      5.084     -4.307      3.101     -0.512 HE
2.10650e-01 5.37409e-15      2.825     -6.261      1.950     -0.124 --
5.62302e-01 9.57600e-15      6.139     -3.944      4.317     -0.246 --
6.18188e-01 5.60075e-15      2.826     -6.448      2.135      0.022 --
1.43576e-01 9.80360e-16      9.038     -2.533      6.958      0.104 --
9.36448e-01 2.23450e-14      5.035     -5.128      3.909      0.117 --
2.64634e-03 3.81964e-20      2.432     -6.858      1.956      0.126 HE
8.21036e-01 8.95508e-16      4.322     -5.754      3.487      0.220 --
7.60681e-01 5.00000e-17      3.233     -6.409      2.619      0.169 --
1.33730e+00 1.34821e-15      0.300     -8.131      0.248      0.045 --
7.94254e-01 6.02451e-16      5.604     -3.595      2.910     -0.868 --
5.62074e-01 2.57000e-17     10.486     -1.121      7.636     -0.289 --
2.36178e-01 1.33826e-14      5.314     -5.035      4.191      0.130 --
1.17276e+00 6.48750e-16      5.277     -5.232      4.287      0.264 --
1.07792e+00 8.18027e-15      4.000     -6.024      3.283      0.224 --
5.47209e-01 4.28196e-17      3.956     -5.849      3.104      0.086 --
3.78816e-03 9.55500e-21      1.201     -7.682      1.025      0.124 --
5.95193e-01 2.53292e-15      4.672     -7.095      4.397      1.046 --
1.14927e+00 6.80222e-17      1.237     -7.274      0.663     -0.169 --
3.75082e-01 3.20960e-16     10.475     -1.756      8.179      0.066 --
2.93519e+00 3.64212e-13     10.184     -1.947      7.959      0.063 --
1.58043e-01 2.56384e-15      5.059     -5.145      3.955      0.066 --
7.58433e-01 1.13000e-16     10.902     -1.584      8.587      0.143 --
1.27794e+00 1.99000e-16      8.654     -3.188      6.979      0.271 --
2.37790e-01 2.09000e-15      5.952     -4.890      4.873      0.258 --
7.56590e-02 1.04678e-14      5.060     -5.197      3.997      0.069 HE
1.07408e+00 2.46199e-15      4.959     -4.576      3.236     -0.475 --
3.18062e-01 3.75000e-16      8.722     -2.018      6.014     -0.641 --
1.32492e+00 2.19480e-16      5.650     -4.663      4.323     -0.087 --
3.08306e-01 3.35300e-17      1.262     -7.512      0.986      0.019 --
6.78367e-01 3.26700e-17      4.846     -5.288      3.796      0.017 --
5.79838e-01 1.79953e-14      6.000     -4.594      4.719      0.022 --
1.34601e+00 1.43000e-15     10.567     -2.113      8.563      0.266 --
2.99072e-01 3.50084e-15      6.046     -4.820      4.941      0.206 --
1.60882e+00 3.90832e-16      5.213     -3.904      2.617     -0.976 --
4.86428e+00 3.64400e-14      1.531     -6.953      0.627     -0.342 --
2.90305e-01 6.35450e-17     10.939     -0.614      7.749     -0.705 --
4.82766e-01 1.16089e-16      5.443     -5.079      4.387      0.107 --
2.98315e-01 2.24243e-15      3.079     -6.482      2.485      0.072 --
1.43107e+00 7.71000e-16      6.711     -4.646      5.621      0.335 --
3.02161e-03 1.67994e-20      6.080     -4.278      4.552     -0.229 --
1.01074e+00 2.10000e-16      3.012     -6.372      2.313     -0.043 --
6.87357e-02 1.31564e-14      4.340     -5.684      3.463      0.027 HE
7.92807e-01 7.43000e-17      5.812     -4.870      4.692      0.095 --
8.17330e-01 6.34950e-15     10.565     -2.132      8.576      0.194 --
2.36571e+00 2.79830e-15      9.557     -0.675      5.570     -1.448 --
2.80409e-02 1.05520e-19      6.721     -2.702      3.491     -1.256 --
6.41822e-03 8.56001e-21      1.850     -6.871      1.146     -0.228 --
8.66927e-01 3.66011e-15      4.768     -5.214      3.631     -0.134 --
1.22047e+00 2.36000e-15      3.317     -6.343      2.678      0.047 --
2.57833e-01 2.55263e-15      6.491     -4.566      5.308      0.130 --
7.23599e-01 2.13860e-15      2.585     -6.859      2.145      0.101 --
8.14215e-01 6.09700e-16      9.192     -5.371      8.576      1.564 --
7.60032e-01 3.66100e-15      6.435     -4.093      4.862     -0.247 --
3.23562e-01 2.72300e-17      5.567     -4.706      4.246     -0.182 --
4.25720e-01 1.90000e-18      5.931     -4.485      4.536     -0.188 --
1.60971e+00 8.80800e-16      4.669     -5.477      3.718     -0.019 --
1.36855e-01 7.50570e-13      7.000     -4.195      5.670      0.046 HE
5.76741e-03 8.64838e-21      3.265     -6.631      2.801      0.193 --
1.45611e+00 1.65394e-15     10.734     -8.935     10.105      3.592 --
1.85520e-01 1.80010e-17      2.004     -6.500      0.655     -0.561 --
1.77923e+00 6.32800e-15      6.072     -4.444      4.685     -0.198 --
3.14359e-01 5.01104e-15      3.970     -5.825      3.102     -0.092 --
2.34131e-01 1.07364e-13      9.573     -2.638      7.719     -0.042 --
5.01123e-01 1.00800e-16      9.625     -2.798      7.897      0.085 --
5.93661e-01 2.92520e-17      1.356     -7.219      0.785     -0.205 --
2.26519e-01 1.15683e-15      0.310     -8.091      0.228      0.005 HE
1.86433e+00 4.58797e-16      2.839     -6.514      2.204     -0.081 --
4.18313e-02 4.32215e-19      2.116     -7.040      1.700      0.004 --
2.68217e-01 4.21706e-15      5.000     -5.473      4.124      0.074 --
1.44470e-01 5.75717e-14     10.900     -2.422      9.175      0.303 HE
5.71421e-01 2.86683e-16      6.724     -2.149      0.223     -2.679 --
4.37454e-01 2.18300e-16     11.155     -0.432      7.829     -1.080 --
9.28324e-01 3.19067e-16      6.072     -4.352      4.600     -0.317 --
2.15072e-02 4.90000e-20      4.072     -5.860      3.259     -0.053 --
8.13690e-01 8.10983e-15      4.639     -5.945      3.993      0.213 --
2.05257e+00 1.26000e-15      2.512     -8.112      2.410      0.709 --
3.54343e-03 3.87099e-21      1.000     -7.510     -0.379     -0.455 --
2.30984e-01 2.68000e-18      3.176     -6.480      2.603      0.007 --
1.78432e-01 1.30699e-13     12.204     -2.010     10.452      0.393 --
5.68442e-01 8.40129e-17      7.708     -7.579      7.409      2.026 --
1.93976e+00 9.47815e-16      8.386     -2.772      6.276     -0.585 --
3.58745e-01 6.00275e-15      3.700     -6.046      2.931     -0.115 --
6.54408e-01 3.78000e-16      4.845     -5.432      3.903     -0.093 --
8.43548e-01 2.32070e-15      8.639     -3.267      7.020     -0.140 --
8.01489e-02 6.05833e-14      4.597     -5.733      3.813      0.014 --
9.12006e-01 9.19483e-15      8.772     -3.569      7.386      0.139 --
9.67338e-01 4.03900e-15      5.065     -5.177      3.981     -0.201 --
1.39073e+00 5.29260e-15      4.940     -5.564      4.113      0.011 --
2.87277e+00 5.61192e-15      6.451     -4.297      5.047     -0.322 --
3.95767e-03 1.32025e-20      3.258     -6.352      2.608     -0.098 --
2.00980e-01 6.42917e-16      3.100     -6.790      2.705      0.145 --
1.65743e+00 3.48109e-15      7.474     -5.089      6.729      0.553 --
1.12156e+00 5.68000e-15      2.832     -6.293      1.966     -0.330 --
6.87082e-01 3.39900e-15      8.812     -3.388      7.315     -0.092 --
2.63414e-03 7.50000e-22      6.301     -4.796      5.236     -0.068 --
1.66116e-01 4.24423e-14      3.459     -6.462      2.930      0.040 --
8.83332e-01 3.22750e-15      8.580     -4.289      7.576      0.397 --
2.22588e-02 1.94714e-20      3.379     -8.735      3.144      1.186 --
1.73867e-01 2.97157e-18      2.014     -6.608      0.960     -0.496 --
1.55781e-03 1.05103e-19      3.500     -6.420      2.952      0.003 HE
6.45302e-01 1.82715e-14      7.115     -4.762      6.171      0.185 --
4.66963e-01 5.20000e-18      2.682     -7.021      2.356      0.114 --
2.58912e-01 1.27125e-14      8.081     -4.093      6.900      0.031 --
5.46824e-01 7.67965e-14      8.468     -3.989      7.288      0.091 --
9.78468e-01 1.87899e-15      1.859     -6.753      0.907     -0.461 --
2.17317e-01 1.91300e-16      2.097     -6.719      1.323     -0.358 --
9.05394e-01 9.96200e-16      7.926     -3.030      5.857     -0.840 --
5.59084e-01 1.23873e-15      5.340     -4.936      4.126     -0.400 --
2.30615e+00 1.60835e-13     11.169     -2.892      9.770      0.256 --
8.40906e-01 1.14724e-15      6.505     -6.838      6.241      1.137 --
4.02858e-01 9.56149e-16      3.571     -5.086      0.796     -1.311 --
6.96262e-01 1.01000e-16      4.915     -5.445      3.993     -0.212 --
1.35329e+00 7.14245e-17      7.582     -6.182      7.203      1.084 --
2.03558e-01 3.68781e-17      3.476     -9.547      2.896      1.490 --
2.75133e-01 1.23388e-17      4.965     -3.918      1.576     -1.695 --
4.46227e-01 4.67291e-16      3.261     -6.001      2.258     -0.470 --
5.08417e-03 8.78860e-21      6.773     -4.755      5.771     -0.071 --
1.27085e+00 4.09254e-16      7.780     -8.375      7.462      2.226 --
9.72430e-01 1.65569e-15      1.200     -7.282      0.525     -0.330 --
5.18520e-03 1.73367e-20      1.219     -7.478      0.886     -0.132 --
1.99690e+00 7.30000e-16      4.876     -5.501      3.984     -0.246 --
3.61799e-03 7.46123e-21      7.600     -4.375      6.507     -0.074 --
8.41158e-01 9.86192e-16      4.123     -4.707      1.476     -1.356 --
4.75680e+00 3.77873e-15      3.894     -5.812      2.966     -0.393 --
1.06871e+00 2.42000e-16      7.088     -4.301      5.840     -0.357 --
1.04563e+00 5.34658e-16      3.119     -5.920      1.900     -0.646 --
4.40618e-01 2.40924e-17      0.300     -8.130      0.246      0.008 --
1.69602e-02 9.20472e-19      3.510     -6.424      2.964     -0.100 --
1.33445e+00 8.89000e-16      5.951     -5.263      5.116     -0.094 --
5.15167e-01 5.64100e-15      8.309     -4.375      7.323      0.055 --
4.35060e-01 2.19700e-14      7.555     -4.790      6.690      0.094 --
3.17014e-03 3.16367e-21      6.938     -5.853      6.468      0.589 HE
9.83733e-01 3.97447e-15      4.956     -4.113      2.143     -1.533 --
9.59449e-01 1.48834e-15      3.136     -5.496      0.551     -1.264 --
1.48074e+00 4.78000e-16      4.421     -5.357      3.238     -0.603 --
1.57509e-01 5.22600e-16      6.769     -4.617      5.670     -0.299 --
3.94354e-01 2.27100e-16     11.257     -1.947      9.262     -0.736 --
5.28352e-01 1.35784e-14      8.048     -4.303      6.984     -0.133 --
1.96627e-01 9.02244e-15      8.698     -4.244      7.695      0.034 --
9.32693e-01 6.12603e-14     11.042     -3.523      9.953      0.263 --
7.17311e-01 7.06120e-15      7.651     -5.779      7.193      0.692 --
3.31631e-01 2.85946e-17      6.849     -2.214      1.413     -2.779 --
1.31937e+00 1.23100e-16      8.102     -4.242      7.010     -0.187 --
1.31382e-02 9.39235e-20      7.468     -5.367      6.860      0.350 --
3.88539e-01 2.02190e-16     12.349     -4.029     11.551      0.937 --
9.57620e-01 3.27059e-15      1.046     -7.375      0.253     -0.391 --
4.30478e-03 1.88054e-20      7.269     -4.788      6.362     -0.133 HE
2.78892e+00 1.49013e-13      8.668     -4.787      7.920      0.280 --
5.09408e+00 3.03100e-15      1.450     -7.377      1.101     -0.171 --
1.81928e-01 3.01245e-14      9.442     -6.883      9.179      1.728 --
2.75026e-01 1.28148e-16      1.586     -7.342      1.250     -0.158 --
1.07765e+00 1.06480e-15      8.418     -4.365      7.440     -0.130 --
2.07324e-02 4.27162e-18     10.030     -3.786      8.957     -0.053 --
1.66567e+00 1.08257e-14      7.484     -5.319      6.862      0.233 --
3.95312e-02 5.84480e-15      3.000     -7.214      2.793      0.171 HE
8.51890e-01 2.86500e-15     10.521     -1.709      8.062     -1.474 --
4.44408e-03 2.19223e-20      4.341     -5.925      3.617     -0.325 --
1.33396e+00 1.77300e-15      7.585     -4.999      6.829      0.024 --
1.01100e+00 2.14126e-15      7.550     -5.100      6.838      0.066 --
2.09944e+00 1.73500e-15      4.339     -5.520      3.260     -0.660 --
1.93405e-01 1.05616e-15      4.176     -6.300      3.663     -0.116 --
9.31210e-01 1.25870e-15      7.803     -4.708      6.925     -0.152 --
9.27091e-02 2.11625e-14      1.960     -7.479      1.780      0.037 NRAD
4.26677e-01 1.71057e-18      0.536     -8.081      0.489      0.034 --
3.52933e-01 6.59980e-15      4.666     -7.022      4.464      0.486 --
1.38704e+00 2.20489e-15     10.085     -6.310      9.783      1.453 --
1.38704e+00 2.20285e-15     10.084     -6.310      9.782      1.453 --
4.87277e-03 9.11764e-21      8.176     -4.557      7.265     -0.209 --
6.13317e-03 2.97397e-20      6.303     -5.720      5.751      0.067 --
1.07388e+00 3.35740e-15      7.540     -5.247      6.894      0.109 --
5.18938e-01 1.37237e-15      2.186     -8.104      2.133      0.464 --
8.56541e-03 1.25970e-20      5.302     -9.138      4.944      1.751 --
3.03911e-01 2.26318e-16      3.537     -5.987      2.598     -0.615 --
3.96166e-03 2.74400e-20      2.659     -7.084      2.363     -0.068 HE
3.07683e-01 3.10989e-15      6.891     -5.445      6.272     -0.009 --
3.74807e-01 7.08385e-15      1.365     -8.173      1.334      0.287 NRAD
9.65096e-01 8.05000e-16      1.787     -6.990      1.125     -0.431 --
2.90389e-01 2.12038e-13      1.950     -7.503      1.780      0.012 NRAD
1.09858e+00 6.45760e-15      7.250     -5.508      6.690      0.105 --
1.60740e-03 1.68515e-20      1.400     -7.586      1.198     -0.090 HE
4.06081e-01 3.60000e-17     13.350     -4.278     12.705      0.815 --
3.07378e+00 3.74364e-14      6.683     -5.641      6.131     -0.023 --
6.81996e-03 1.43815e-20      3.782     -5.805      2.725     -0.780 --
7.19166e-01 1.73267e-14      3.754     -7.541      3.651      0.459 --
1.34472e+00 1.12114e-16      5.961     -3.801      3.473     -1.771 --
2.76497e-01 2.25000e-16      4.899     -5.586      4.026     -0.623 --
6.96761e-01 1.05139e-13      6.458     -6.013      6.039      0.119 --
9.05067e-01 1.73878e-15      6.383     -6.826      6.183      0.611 --
1.00988e+00 3.41000e-16      7.444     -5.370      6.842     -0.100 --
6.65879e-01 5.67000e-17      7.672     -5.066      6.948     -0.322 --
2.11126e+00 7.45504e-14      8.000     -5.434      7.469      0.021 --
2.40953e-01 2.06825e-13     10.835     -4.849     10.267      0.313 --
6.15034e-01 2.80800e-16     13.558     -4.243     12.927      0.530 --
3.07943e-01 2.99000e-15     14.371     -4.029     13.712      0.549 --
2.27968e+00 2.56631e-14      1.835     -6.981      1.161     -0.502 --
2.16356e-03 3.30477e-21      2.437     -6.598      1.611     -0.641 HE
1.63695e-01 2.48720e-14      6.028     -6.107      5.615     -0.036 HE
4.99695e-01 2.84153e-16     12.555     -5.507     12.197      1.054 --
5.80871e-01 4.60128e-17      2.000     -6.749      1.052     -0.672 --
3.25724e-01 1.37000e-16      3.040     -6.364      2.244     -0.652 --
4.58735e-01 3.32440e-16      2.634     -6.654      1.975     -0.545 --
2.44974e-02 9.61095e-19      7.102     -5.383      6.466     -0.316 --
6.08205e-01 1.56040e-14      6.906     -5.830      6.449     -0.046 --
5.89196e-01 5.39500e-15      4.030     -6.542      3.615     -0.267 --
2.26119e-01 8.27640e-17      7.150     -5.794      6.696     -0.061 --
4.35230e+00 7.19817e-16      5.892     -6.747      5.676      0.320 RRAT
1.43837e+00 1.46800e-15      7.303     -5.935      6.909      0.035 --
5.65369e-01 9.07200e-17      6.585     -5.753      6.065     -0.265 --
4.81627e-03 4.86663e-21      6.450     -5.986      6.019     -0.130 --
1.44245e+00 3.61600e-15     13.034     -3.926     12.278     -0.100 --
5.22327e-03 4.82503e-21      1.162     -7.374      0.524     -0.440 --
9.31733e-01 1.78570e-15      8.602     -5.545      8.149      0.011 --
5.44002e-01 5.47500e-16      2.809     -5.984      0.957     -1.243 --
2.76028e-01 1.51940e-16      6.641     -5.975      6.216     -0.199 --
2.30194e-01 8.85104e-15      7.123     -6.569      6.903      0.329 --
5.80187e-01 6.01000e-16      9.574     -1.110      5.265     -3.473 --
4.32798e-03 6.66839e-21      2.086     -7.009      1.548     -0.509 --
2.30330e+00 5.10000e-16      0.743     -7.988      0.671     -0.042 --
6.49404e-02 4.00626e-19      2.161     -7.250      1.860     -0.302 --
5.08087e-02 7.24712e-14     13.298     -4.845     12.839      0.274 HE
2.89622e-03 7.99307e-21      1.399     -7.412      1.009     -0.362 HE
5.37143e-01 9.95550e-16      4.196     -6.313      3.645     -0.583 --
1.83256e+00 3.58000e-16      4.875     -6.458      4.500     -0.323 --
4.03478e-01 2.21564e-16      3.906     -8.537      3.800      0.900 --
2.31429e-03 2.45000e-21      2.400     -6.390      0.988     -1.040 HE
2.24524e-01 6.09971e-15      1.549     -7.007      0.353     -0.750 --
5.57953e-01 1.48106e-16      0.980     -7.936      0.907     -0.042 --
3.87664e-01 1.83649e-15      6.636     -6.365      6.347     -0.077 --
4.06122e-02 1.23042e-19      1.806     -6.998      1.065     -0.630 --
3.93452e-03 7.02370e-21      1.163     -7.808      1.045     -0.109 --
1.03741e-01 9.57209e-14      1.800     -7.841      1.740      0.029 HE
2.65318e-01 5.46823e-14      2.150     -7.861      2.103      0.104 NRAD
2.64594e-03 6.16086e-21      4.015     -6.685      3.647     -0.436 --
3.43402e-01 1.89419e-15      2.100     -7.546      1.952     -0.146 --
4.85788e-02 8.61000e-14     10.000     -6.031      9.738      0.187 HE
5.29197e-01 3.06337e-15      1.800     -8.233      1.780      0.289 --
1.60474e+00 7.44228e-16      5.206     -5.256      3.986     -1.368 --
3.72619e-01 2.51205e-15      2.059     -8.187      2.038      0.297 --
1.05955e-02 5.26972e-20      4.540     -5.399      3.131     -1.519 --
3.98173e-01 2.02800e-16     10.296     -3.782      9.089     -1.703 --
1.09965e+00 3.09443e-16      9.004     -7.259      8.917      0.713 --
5.15219e-01 8.89258e-16      0.743     -8.519      0.661      0.286 --
1.21680e+00 1.23196e-14      5.771     -6.992      5.620     -0.051 --
5.78909e-01 2.25546e-15      3.450     -8.356      3.404      0.586 --
6.30513e-01 8.85347e-16      6.393     -5.600      5.689     -1.074 --
2.00129e-01 6.50071e-15      6.947     -6.635      6.742     -0.153 HE
2.27070e-01 6.48429e-15      0.720     -8.204      0.713      0.063 NRAD
5.78836e-03 6.01751e-21      1.423     -7.239      0.670     -0.643 --
4.09576e-01 1.58912e-16     25.000      6.405     18.536     -8.047 --
1.43246e-01 1.13063e-14      1.400     -8.062      1.379      0.051 HE
5.01340e+00 9.69275e-15      2.736     -6.540      1.818     -1.012 RRAT
5.94896e-03 1.11465e-20      1.739     -7.477      1.479     -0.371 --
1.28172e+00 4.55000e-16      1.525     -7.121      0.559     -0.763 --
2.45650e-02 1.24049e-18      5.408     -7.077      5.264     -0.175 --
1.35873e+00 2.09000e-15      6.741     -6.062      6.298     -0.846 --
5.01927e-01 9.40000e-16      3.230     -8.915      3.054      0.879 --
2.07438e+00 2.03831e-15      2.806     -7.067      2.443     -0.593 --
6.18715e-01 4.50236e-15      4.851     -7.190      4.716     -0.217 --
1.60165e-01 9.00413e-19      3.841     -7.349      3.712     -0.239 --
1.42457e+00 9.44176e-16      8.135     -8.348      8.069      1.062 --
1.57729e+00 4.16141e-15      3.587     -5.439      0.193     -2.128 --
3.27504e-03 8.41447e-21      1.705     -6.941      0.151     -0.992 HE
2.65091e-03 1.41635e-20      1.800     -6.945     -0.461     -1.064 HE
8.65606e-01 5.94900e-16      4.438     -6.243      3.762     -1.117 --
5.62575e-01 1.31344e-16      1.657     -7.030      0.550     -0.885 --
1.15981e+00 2.11244e-14      9.033     -7.463      8.986      0.403 --
4.53373e-03 1.40300e-20      0.636     -7.917      0.442     -0.223 HE
2.37988e-03 5.24431e-21      1.389     -7.671      1.182     -0.342 HE
9.61306e-02 1.27000e-15      1.480     -7.816      1.378     -0.210 HE
1.39272e+00 6.30000e-16      8.952     -7.586      8.917      0.354 --
3.95555e-01 1.95200e-16      2.460     -6.992      1.898     -0.832 --
3.16818e-02 5.88472e-19      5.629     -7.118      5.490     -0.362 --
1.13829e+00 1.82318e-16      3.226     -6.811      2.703     -0.912 --
4.76735e-01 1.11216e-14      4.339     -8.612      4.278      0.680 --
1.54694e+00 1.47148e-15      5.400     -4.783      3.250     -2.468 --
4.28593e-03 2.08013e-20      2.798     -6.870      2.211     -0.920 HE
4.45945e-01 4.17572e-15      3.972     -8.234      3.960      0.330 --
2.83901e-01 1.51600e-17      7.647     -5.448      6.883     -1.695 --
5.68301e-01 5.28876e-15      6.777     -8.141      6.760      0.482 --
1.96158e+00 1.09583e-14      0.950     -7.616      0.404     -0.494 --
1.22102e+00 5.03921e-16      5.829     -5.508      4.739     -1.903 --
5.53167e-01 1.90000e-17      4.069     -6.349      3.301     -1.334 --
4.50864e-03 1.27334e-20      1.469     -7.320      0.801     -0.720 HE
1.98526e-03 6.70366e-21      3.916     -6.417      3.159     -1.318 HE
1.19268e-01 2.86487e-19      2.087     -7.414      1.784     -0.595 --
1.25863e-02 1.72276e-19      3.809     -8.091      3.802      0.113 --
4.91038e+00 1.48047e-14      8.817     -7.870      8.803      0.275 --
3.41336e-01 1.97609e-16      1.047     -7.627     -0.530     -0.576 --
2.16000e-03 2.01900e-20      3.663     -6.706      3.082     -1.147 HE
8.15181e-01 1.34014e-15      2.999     -7.208      2.687     -0.736 --
3.19561e-01 4.10240e-15      0.620     -8.100      0.571     -0.108 NRAD
2.21508e-01 3.69127e-16      5.000     -7.363      4.887     -0.463 --
2.08929e-03 9.99616e-22      4.587     -7.555      4.513     -0.316 --
5.59574e-01 5.60383e-14      4.934     -8.072      4.928      0.111 --
4.05729e-01 9.75499e-17      5.735     -6.776      5.394     -1.188 --
2.30488e+00 5.21897e-15      2.723     -8.754      2.641      0.510 RRAT
4.14871e-01 8.62102e-17      4.346     -8.066      4.337     -0.126 --
5.77231e-01 4.36909e-15      3.268     -8.149      3.263     -0.066 --
1.42310e+00 3.50192e-15      3.831     -5.509      0.478     -2.554 --
3.95385e+00 3.24000e-15      8.410     -5.497      7.478     -2.610 --
1.05953e+00 4.60269e-16     25.000     -0.097     22.313     -7.707 --
2.75361e-01 6.09394e-17      2.101     -7.308      1.594     -0.916 --
4.06075e+00 6.99165e-15      5.162     -7.830      5.119     -0.439 --
1.20285e+00 2.62297e-15      1.420     -7.944      1.331     -0.318 --
1.01468e+00 7.14612e-16      2.200     -8.262      2.199     -0.022 --
2.60288e-03 7.49000e-20      3.106     -8.572      3.086      0.250 HE
5.52122e-01 1.67661e-16      2.862     -8.976      2.711      0.648 --
2.21851e-03 2.64251e-21      2.732     -7.214      2.249     -1.080 HE
4.40153e-01 2.89263e-16     25.000      1.558     20.701     -9.938 --
1.45884e-01 5.26734e-15      2.853     -7.923      2.797     -0.388 --
5.41421e-01 1.27000e-16      0.585     -8.145      0.535     -0.154 --
1.38868e-01 1.73559e-19      1.811     -8.479      1.799      0.125 --
6.94054e-01 7.68011e-16      2.807     -7.262      2.319     -1.167 --
4.93111e-03 2.05695e-20      0.410     -8.018      0.055     -0.266 HE
3.25772e-01 2.25431e-16     25.000      7.650    -10.635    -16.020 --
1.10665e-01 -2.09907e-17     10.710     -4.296      8.625     -4.900 --
5.61330e-02 9.54577e-18     10.710     -4.296      8.625     -4.900 --
3.05293e-02 4.98855e-18     10.710     -4.299      8.626     -4.901 --
4.80280e-03 -1.07010e-18     10.710     -4.296      8.625     -4.900 --
4.65144e-03 1.85465e-19     10.710     -4.296      8.626     -4.900 --
4.02704e-03 2.71133e-20     10.710     -4.296      8.625     -4.900 --
3.76602e-02 1.63387e-18     10.710     -4.296      8.625     -4.900 --
6.74339e-03 2.13816e-20     10.710     -4.296      8.625     -4.900 --
1.18425e-02 2.04070e-19     25.000      1.045     20.135    -11.474 --
1.92845e+00 1.18039e-15     25.000      1.046     20.134    -11.475 --
3.96072e+00 8.73781e-14     25.000      1.048     20.132    -11.476 --
1.68742e+00 8.54214e-17      2.098     -8.199      2.079     -0.233 --
7.61394e-03 3.27750e-19      1.830     -7.342      1.102     -1.076 HE
3.72635e-03 2.08536e-20      3.200     -6.157     -0.868     -2.186 --
1.22724e+00 1.47598e-17      1.740     -7.286      0.745     -1.175 --
2.67322e-01 8.68968e-17      2.248     -6.800     -0.362     -1.608 --
1.75099e+00 3.43388e-15      3.762     -9.187      3.607      0.623 --
1.08351e+00 1.42100e-15      4.933     -7.144      4.426     -1.818 --
1.10193e-02 -5.18000e-20      8.460     -3.172      2.643     -6.160 --
8.50983e+00 4.96000e-16      0.160     -8.196      0.005     -0.095 --
5.04145e-03 9.05581e-21      1.659     -7.222     -0.322     -1.192 --
1.60524e-02 2.97926e-20      0.625     -7.990      0.343     -0.393 --
3.80140e-01 1.68100e-16      2.800     -8.982      2.691      0.390 --
6.54280e-01 3.59589e-18      4.812     -7.950      4.635     -1.220 --
3.32206e-01 1.01060e-14      3.610     -8.773      3.578     -0.029 --
3.51070e-03 8.16164e-21      1.976     -7.415      1.204     -1.266 --
5.93534e-01 7.08000e-16      1.620     -7.989      1.453     -0.619 --
1.34336e+00 6.13000e-16     25.000      6.356      5.570    -19.445 --
1.60902e+00 9.16400e-16     25.000     -5.120     23.216     -8.685 --
1.03000e+00 1.24089e-15      1.293     -7.530      0.219     -0.989 --
1.37365e+00 4.23000e-15      1.043     -7.648     -0.277     -0.739 --
4.98149e-01 1.42000e-17      6.102     -7.420      5.589     -2.259 --
1.52527e+00 3.43256e-15      2.900     -8.326      2.843     -0.543 --
4.77198e-01 7.42360e-17      2.678     -6.767      0.621     -2.079 --
6.65561e-01 6.01333e-16     25.000      0.968     16.917    -15.876 --
7.45379e-01 4.44055e-15      2.963     -8.694      2.930     -0.164 --
8.47026e-02 1.30577e-19      3.195     -7.945      2.927     -1.204 --
9.38014e-01 9.00000e-16      6.046     -6.885      4.932     -3.171 --
2.41555e-03 1.97939e-20      3.535     -9.134      3.427      0.258 HE
3.22674e-01 3.97000e-16      4.099     -9.337      3.949      0.386 --
6.36957e-01 5.28322e-15      0.751     -8.333      0.734     -0.130 HE
6.42506e-01 2.68329e-18      3.107     -8.611      3.062     -0.400 --
9.33163e-01 6.98637e-15      3.030     -8.875      2.975     -0.011 --
3.90752e-03 1.98493e-21      2.090     -8.071      1.873     -0.871 --
1.00459e+00 4.95167e-16     25.000     -6.765     23.171     -9.234 --
3.11923e-03 1.47285e-20      0.600     -8.270      0.557     -0.195 HE
7.51195e-01 6.05239e-16      3.665     -9.007      3.594     -0.108 --
3.74198e-01 2.36712e-15      3.153     -7.700      2.576     -1.689 --
2.72305e+00 5.56125e-15      1.131     -8.425      1.109     -0.155 RRAT
2.60962e-03 3.33696e-20      2.773     -8.775      2.725     -0.173 HE
4.19102e-01 6.90480e-14      3.588     -9.138      3.488      0.099 --
1.05684e+00 6.46697e-16      3.129     -9.029      3.043      0.062 --
5.38469e-01 2.76521e-15      2.383     -8.645      2.337     -0.287 --
2.81399e-01 6.16855e-18      7.634     -8.071      7.010     -2.986 --
3.28179e-02 5.80466e-19      0.269     -8.213      0.165     -0.167 --
6.82542e-01 9.66063e-15      0.900     -8.585      0.847      0.135 --
1.89298e+00 6.70092e-16      6.853    -10.456      6.465      0.751 --
2.97782e-03 1.52369e-21      1.800     -8.238      1.613     -0.770 --
5.16476e-02 7.73871e-14      3.000     -9.158      2.870      0.184 HE
4.43055e-01 2.25534e-15      3.013     -9.186      2.873      0.221 --
3.57658e-03 1.20142e-20      0.971     -8.094      0.679     -0.636 --
3.62703e-03 2.01003e-20      0.714     -8.173      0.528     -0.437 HE
1.35875e+00 2.22000e-16      4.472     -7.984      3.802     -2.306 --
5.97674e-02 1.57600e-19      1.540     -8.107      1.223     -0.888 --
9.31715e-01 1.96883e-16      2.280     -8.755      2.213     -0.277 --
6.90755e-03 9.60000e-21      2.070     -7.177     -0.546     -1.624 --
1.07740e+00 8.12546e-16      3.997     -8.327      3.599     -1.712 RRAT
1.62734e-01 9.70338e-14      2.830     -9.107      2.712      0.053 NRAD
1.39935e-01 1.53579e-14      7.275    -10.374      6.973      0.020 HE
8.55401e-01 2.69270e-15      2.548     -9.241      2.329      0.456 --
2.18670e-03 6.89656e-21      1.042     -7.750     -0.229     -0.827 HE
4.60958e-01 5.34392e-15      2.644     -9.169      2.489      0.232 --
1.66450e+00 4.82385e-15      2.008     -9.047      1.832      0.368 --
5.96799e-01 1.12500e-16     25.000     -5.862     19.710    -15.157 --
4.77233e-01 6.59352e-16      3.500     -7.522      2.077     -2.681 --
1.21226e+01 1.30938e-14      1.344     -7.692      0.039     -1.171 --
1.79791e+00 1.11443e-15      4.077     -8.392      3.510     -2.045 --
7.92236e-01 6.37680e-17      3.885     -8.060      3.017     -2.409 --
2.29453e-03 1.13535e-20      2.083     -7.746      0.941     -1.747 HE
3.68246e-01 5.75295e-15      3.000     -9.268      2.839      0.000 --
6.97907e+00 4.71235e-13      3.300     -9.379      3.118     -0.027 AXP
5.19232e-03 1.38681e-20      0.859     -8.494      0.811     -0.180 HE
1.20640e+00 2.04000e-15      3.166     -9.375      2.978      0.052 --
1.57589e+00 2.89250e-15      4.400     -8.835      3.897     -1.945 --
1.06637e+00 5.69090e-16      3.159     -9.098      2.985     -0.628 --
5.35829e-01 8.70000e-18      0.493     -8.326      0.406     -0.252 --
4.75068e-01 1.99491e-16      2.075     -8.965      1.960     -0.123 --
1.94479e+00 7.56441e-17      2.665     -9.349      2.433      0.315 RRAT
2.61259e-03 4.96000e-21      1.556     -8.017      0.775     -1.292 HE
8.13375e-01 6.28500e-16      2.436     -9.296      2.195      0.382 --
3.49434e-01 1.12370e-16      1.060     -8.554      0.985     -0.272 --
1.06160e+00 1.26154e-15      2.435     -9.131      2.282     -0.146 --
3.44525e-03 2.43057e-21      1.667     -8.333      1.231     -1.096 HE
1.44465e+00 1.04705e-15      1.700     -8.443      1.367     -0.974 --
2.16018e-01 1.63200e-16      6.849    -10.986      6.289      0.404 --
2.25649e+00 7.03689e-15      2.700     -9.316      2.502      0.004 --
4.80843e-03 9.65740e-21      0.833     -8.377      0.659     -0.478 --
3.46310e-03 5.83400e-22      2.000     -7.712      0.324     -1.857 --
3.75949e+00 1.84728e-15     25.000     -8.848     17.606    -17.713 --
2.34749e+00 2.58138e-15      1.348     -7.681     -0.515     -1.054 --
1.43631e+00 2.82546e-15      4.855    -10.228      4.452      0.204 --
8.68735e-01 1.02866e-15      1.495     -8.119      0.720     -1.271 RRAT
2.33652e-01 3.52563e-16      2.733     -9.365      2.517      0.031 --
2.66149e-01 2.57021e-15      4.411    -10.051      4.047      0.143 --
7.28409e-01 1.60000e-17      2.396     -9.061      2.209     -0.506 --
1.64362e+00 4.63038e-15      0.864     -8.112      0.222     -0.786 --
7.56899e-01 1.17610e-15      2.729     -9.403      2.496      0.044 --
2.10246e-03 7.80057e-21      2.464     -7.259     -0.757     -2.074 HE
4.95370e-01 1.93450e-13      0.700     -8.588      0.638      0.031 --
1.18710e-01 1.97290e-18      2.013     -8.990      1.838     -0.416 --
2.88423e-03 1.41020e-20      1.100     -8.227      0.503     -0.949 HE
1.18146e+00 1.36305e-15      3.500     -8.145      1.525     -3.120 --
1.16488e+00 2.80004e-14      3.090     -9.685      2.758      0.186 --
1.01173e+00 8.80289e-16      2.593     -9.552      2.034      1.037 --
9.44784e-01 1.62628e-14      2.400     -9.361      2.153      0.022 --
3.71899e-03 3.22260e-21      0.959     -8.347      0.492     -0.795 --
1.09440e+00 4.19196e-16      3.444     -8.879      2.350     -2.423 RRAT
1.84099e+00 3.78000e-15      2.163     -8.787      1.627     -1.313 --
